name,gcode,r3_orbit,phi_sym,same_phi,cable_arr_poly,same_cable_arr_poly,outPoly,same_outpoly
3.1,O1O2O3U1U3U2,{'O1O2O3U1U3U2'},"[-2, 1, 1, 1, 2, 0]","['3.1', '7.12954', '7.13941', '7.14231', '7.22204', '7.25402', '7.25412', '7.28695', '7.29545', '7.29559', '7.34157', '7.34327', '7.36751', '7.37569', '7.41772']",48*K1**2*K2 - 64*K1**2 + 32*K1*K2*K3 - 8*K2**4 + 8*K2**2*K4 - 40*K2**2 - 16*K3**2 - 2*K4**2 + 40,['3.1'],t^{4} + 11 t^{2} + 1,"['3.1', '7.12954', '7.13941', '7.14231', '7.22204', '7.25402', '7.25412', '7.28695', '7.29545', '7.29559', '7.34157', '7.34327', '7.36751', '7.37569', '7.41772']"
4.1,O1O2O3O4U1U2U4U3,{'O1O2O3O4U1U2U4U3'},"[-3, -1, 2, 2, 1, 2, 3, 1, 2, 0]",['4.1'],-128*K1**2*K2**2 + 48*K1**2*K2 - 88*K1**2 + 64*K1*K2**3*K3 + 224*K1*K2*K3 + 16*K1*K3*K4 - 32*K2**4 - 64*K2**2*K3**2 - 8*K2**2*K4**2 + 8*K2**2*K4 - 54*K2**2 + 16*K2*K3*K5 + 8*K2*K4*K6 - 88*K3**2 - 12*K4**2 - 2*K6**2 + 90,['4.1'],t^{5} + 37 t^{3} + 11 t,['4.1']
4.2,O1O2O3O4U1U3U4U2,{'O1O2O3O4U1U3U4U2'},"[-3, 0, 1, 2, 1, 3, 2, 1, 1, 1]","['4.2', '7.33612']",-32*K1**4 + 64*K1**2*K2**3 - 208*K1**2*K2**2 + 224*K1**2*K2 - 164*K1**2 + 32*K1*K2**3*K3 + 136*K1*K2*K3 + 8*K1*K3*K4 - 32*K2**6 + 32*K2**4*K4 - 88*K2**4 - 32*K2**2*K3**2 - 8*K2**2*K4**2 + 40*K2**2*K4 - 48*K2**2 + 8*K2*K3*K5 - 36*K3**2 - 14*K4**2 + 116,['4.2'],t^{5} + 31 t^{3} + 7 t,"['4.2', '6.335', '7.33612']"
4.3,O1O2O3O4U1U4U3U2,{'O1O2O3O4U1U4U3U2'},"[-3, 1, 1, 1, 1, 2, 3, 0, 0, 0]",['4.3'],-72*K1**2 + 96*K1*K2*K3 + 48*K1*K3*K4 - 8*K2**2*K4**2 + 40*K2**2*K4 - 86*K2**2 + 8*K2*K4*K6 - 72*K3**2 - 44*K4**2 - 2*K6**2 + 90,['4.3'],t^{5} + 26 t^{3} + 6 t,['4.3']
4.4,O1O2O3O4U2U1U4U3,{'O1O2O3O4U2U1U4U3'},"[-2, -2, 2, 2, 0, 1, 2, 2, 3, 0]",['4.4'],-128*K2**4 + 128*K2**2*K4 - 32*K4**2 + 30,['4.4'],t^{5} + 34 t^{3} + 17 t,['4.4']
4.5,O1O2O3O4U3U4U1U2,{'O1O2O3O4U3U4U1U2'},"[-1, -1, 1, 1, -1, 1, 1, 1, 1, -1]","['4.5', '5.97', '6.2072']",-256*K1**4 - 448*K1**2*K2**2 + 480*K1**2*K2 - 16*K1**2 + 256*K1*K2*K3 - 176*K2**4 + 96*K2**2*K4 - 16*K3**2 - 4*K4**2 + 82,['4.5'],t^{5} + 10 t^{3} + 5 t,"['4.5', '5.97', '6.831', '6.2072', '7.44283']"
4.6,O1O2O3U1O4U3U4U2,"{'O1O2O3U1O4U3U4U2', 'O1O2O3U1U2O4U3U4'}","[-2, 0, 1, 1, 1, 1, 2, 0, 0, -1]","['4.6', '6.1770', '6.1951', '7.43054', '7.44463']",-32*K1**4 - 48*K1**2*K2**2 + 128*K1**2*K2 - 84*K1**2 + 48*K1*K2*K3 - 8*K2**4 + 8*K2**2*K4 - 56*K2**2 - 12*K3**2 - 2*K4**2 + 56,['4.6'],t^{5} + 15 t^{3} + 3 t,"['4.6', '7.43054', '7.44463']"
4.7,O1O2O3U2O4U1U4U3,{'O1O2O3U2O4U1U4U3'},"[-2, -1, 1, 2, 0, 1, 3, 0, 1, 0]","['4.7', '5.62']",-64*K1**4 - 96*K1**2*K2**2 + 256*K1**2*K2 - 184*K1**2 + 112*K1*K2*K3 + 16*K1*K3*K4 - 16*K2**4 + 16*K2**2*K4 - 120*K2**2 - 40*K3**2 - 12*K4**2 + 130,['4.7'],t^{5} + 21 t^{3} + 5 t,['4.7']
4.8,O1O2O3U1U3O4U2U4,{'O1O2O3U1U3O4U2U4'},"[-2, 0, 1, 1, 0, 2, 2, 0, 1, 0]","['4.8', '7.44863']",-96*K1**4 - 112*K1**2*K2**2 + 248*K1**2*K2 - 172*K1**2 + 184*K1*K2*K3 + 24*K1*K3*K4 - 8*K2**4 + 16*K2**2*K4 - 144*K2**2 - 76*K3**2 - 18*K4**2 + 152,['4.8'],t^{5} + 13 t^{3} + 6 t,"['4.8', '7.44863']"
4.9,O1O2U1O3U2O4U3U4,{'O1O2U1O3U2O4U3U4'},"[-1, 0, 0, 1, 0, 0, 2, -1, 0, 0]","['4.9', '5.114', '6.2020', '7.44907', '7.45593']",-96*K1**4 + 176*K1**2*K2 - 80*K1**2 - 64*K2**2 + 62,"['4.9', '6.1990']",t^{5} + 7 t^{3} + 2 t,['4.9']
4.10,O1O2U1U2O3O4U3U4,{'O1O2U1U2O3O4U3U4'},"[-1, -1, 1, 1, 0, 0, 1, 1, 0, 0]","['4.10', '5.106', '6.2037']",-128*K1**4 - 192*K1**2*K2**2 + 288*K1**2*K2 - 80*K1**2 + 128*K1*K2*K3 - 48*K2**4 + 32*K2**2*K4 - 64*K2**2 - 16*K3**2 - 4*K4**2 + 82,['4.10'],t^{5} + 6 t^{3} + 5 t,"['4.10', '5.106', '6.2037']"
4.11,O1O2U1U3O4O3U2U4,{'O1O2U1U3O4O3U2U4'},"[-1, 0, 0, 1, 0, 0, 1, 0, 1, 1]","['4.11', '6.1244', '6.2058', '7.45753']",-192*K1**4 - 224*K1**2*K2**2 + 480*K1**2*K2 - 208*K1**2 + 176*K1*K2*K3 - 48*K2**4 + 32*K2**2*K4 - 152*K2**2 - 32*K3**2 - 4*K4**2 + 170,['4.11'],t^{5} + 5 t^{3} + 2 t,"['4.11', '6.1244', '6.2058', '7.45753']"
5.1,O1O2O3O4O5U1U2U3U5U4,{'O1O2O3O4O5U1U2U3U5U4'},"[-4, -2, 0, 3, 3, 1, 2, 3, 4, 1, 2, 3, 1, 2, 0]",['5.1'],-128*K1**4 - 512*K1**2*K2**4 + 192*K1**2*K2**3 - 320*K1**2*K2**2 + 336*K1**2*K2 - 304*K1**2 + 256*K1*K2**5*K3 + 512*K1*K2**3*K3 + 416*K1*K2*K3 + 96*K1*K3*K4 - 128*K2**6 - 256*K2**4*K3**2 - 32*K2**4*K4**2 + 32*K2**4*K4 - 32*K2**4 + 64*K2**3*K3*K5 + 32*K2**3*K4*K6 - 192*K2**2*K3**2 - 32*K2**2*K4**2 + 40*K2**2*K4 - 8*K2**2*K6**2 - 116*K2**2 + 32*K2*K3*K5 + 16*K2*K4*K6 - 192*K3**2 - 66*K4**2 - 4*K6**2 + 296,['5.1'],t^{6} + 87 t^{4} + 45 t^{2},['5.1']
5.2,O1O2O3O4O5U1U2U4U5U3,{'O1O2O3O4O5U1U2U4U5U3'},"[-4, -2, 1, 2, 3, 1, 2, 4, 3, 1, 3, 2, 1, 1, 1]",['5.2'],-128*K1**2*K2**4 + 416*K1**2*K2**3 - 1536*K1**2*K2**2 - 64*K1**2*K2*K4 + 1376*K1**2*K2 - 1032*K1**2 + 736*K1*K2**3*K3 + 96*K1*K2**2*K3*K4 - 480*K1*K2**2*K3 - 96*K1*K2**2*K5 - 32*K1*K2*K3*K4 + 1344*K1*K2*K3 + 112*K1*K3*K4 - 32*K2**6 - 128*K2**4*K3**2 - 32*K2**4*K4**2 + 128*K2**4*K4 - 904*K2**4 + 64*K2**3*K3*K5 + 32*K2**3*K4*K6 - 32*K2**3*K6 - 416*K2**2*K3**2 - 136*K2**2*K4**2 + 648*K2**2*K4 - 8*K2**2*K6**2 - 324*K2**2 + 96*K2*K3*K5 + 40*K2*K4*K6 - 328*K3**2 - 108*K4**2 - 4*K6**2 + 730,['5.2'],t^{6} + 81 t^{4} + 56 t^{2} + 1,['5.2']
5.3,O1O2O3O4O5U1U2U5U4U3,{'O1O2O3O4O5U1U2U5U4U3'},"[-4, -2, 2, 2, 2, 1, 2, 3, 4, 1, 2, 3, 0, 0, 0]",['5.3'],-32*K2**4*K4**2 + 192*K2**4*K4 - 352*K2**4 + 32*K2**2*K4**3 - 224*K2**2*K4**2 + 496*K2**2*K4 - 176*K2**2 + 64*K2*K4*K6 - 8*K4**4 - 168*K4**2 + 174,['5.3'],t^{6} + 76 t^{4} + 62 t^{2},['5.3']
5.4,O1O2O3O4O5U1U3U2U5U4,{'O1O2O3O4O5U1U3U2U5U4'},"[-4, -1, -1, 3, 3, 1, 2, 3, 4, 0, 1, 2, 2, 3, 0]",['5.4'],-256*K1**2*K3**2 - 272*K1**2 + 160*K1*K2*K3 + 576*K1*K3*K4 + 48*K1*K4*K5 + 16*K1*K6*K7 - 24*K2**2 + 16*K2*K3*K5 - 256*K3**2 + 16*K3*K4*K7 - 8*K4**4 + 8*K4**2*K8 - 256*K4**2 - 32*K5**2 - 8*K6**2 - 16*K7**2 - 2*K8**2 + 288,['5.4'],t^{6} + 84 t^{4} + 47 t^{2},['5.4']
5.5,O1O2O3O4O5U1U3U4U5U2,{'O1O2O3O4O5U1U3U4U5U2'},"[-4, -1, 1, 1, 3, 1, 2, 4, 3, 1, 2, 2, 0, 1, 2]",['5.5'],256*K1**2*K2**5 - 832*K1**2*K2**4 + 416*K1**2*K2**3 - 400*K1**2*K2**2 + 408*K1**2*K2 - 432*K1**2 + 128*K1*K2**5*K3 + 352*K1*K2**3*K3 + 328*K1*K2*K3 + 32*K1*K3*K4 + 8*K1*K4*K5 - 128*K2**8 + 128*K2**6*K4 - 288*K2**6 - 128*K2**4*K3**2 - 32*K2**4*K4**2 + 64*K2**4*K4 + 80*K2**4 + 32*K2**3*K3*K5 - 48*K2**2*K3**2 - 8*K2**2*K4**2 + 64*K2**2*K4 - 144*K2**2 + 16*K2*K3*K5 - 128*K3**2 - 36*K4**2 - 8*K5**2 + 298,['5.5'],t^{6} + 72 t^{4} + 26 t^{2},['5.5']
5.6,O1O2O3O4O5U1U3U5U2U4,{'O1O2O3O4O5U1U3U5U2U4'},"[-4, -1, 0, 2, 3, 1, 3, 2, 4, 1, 1, 2, 1, 2, 0]",['5.6'],-48*K1**2*K2**2 + 272*K1**2*K2 - 160*K1**2*K3**2 - 596*K1**2 + 64*K1*K2*K3**3 + 704*K1*K2*K3 + 176*K1*K3*K4 + 24*K1*K4*K5 + 16*K1*K5*K6 + 8*K1*K6*K7 - 16*K2**4 - 192*K2**2*K3**2 - 8*K2**2*K4**2 + 72*K2**2*K4 - 8*K2**2*K6**2 - 474*K2**2 + 112*K2*K3*K5 + 24*K2*K4*K6 + 8*K2*K5*K7 + 8*K2*K6*K8 - 32*K3**4 - 308*K3**2 - 106*K4**2 - 40*K5**2 - 22*K6**2 - 8*K7**2 - 2*K8**2 + 530,['5.6'],t^{6} + 71 t^{4} + 15 t^{2},['5.6']
5.7,O1O2O3O4O5U1U3U5U4U2,{'O1O2O3O4O5U1U3U5U4U2'},"[-4, -1, 1, 2, 2, 1, 4, 2, 3, 2, 1, 2, 1, 1, 0]",['5.7'],-64*K1**4 + 32*K1**3*K2*K3 - 128*K1**2*K2**2 + 280*K1**2*K2 - 192*K1**2*K3**2 - 544*K1**2 + 888*K1*K2*K3 + 184*K1*K3*K4 + 8*K1*K4*K5 + 16*K1*K5*K6 - 8*K2**4 - 192*K2**2*K3**2 + 40*K2**2*K4 - 8*K2**2*K6**2 - 524*K2**2 + 216*K2*K3*K5 + 16*K2*K4*K6 + 8*K2*K6*K8 - 64*K3**4 + 56*K3**2*K6 - 424*K3**2 - 76*K4**2 - 72*K5**2 - 28*K6**2 - 2*K8**2 + 580,['5.7'],t^{6} + 67 t^{4} + 41 t^{2},"['5.7', '7.18621']"
5.8,O1O2O3O4O5U1U4U3U5U2,{'O1O2O3O4O5U1U4U3U5U2'},"[-4, 0, 0, 1, 3, 1, 2, 4, 3, 0, 1, 1, 1, 2, 2]",['5.8'],-64*K1**4 + 32*K1**3*K2*K3 - 160*K1**3*K3 - 112*K1**2*K2**2 + 128*K1**2*K2*K3**2 + 960*K1**2*K2 - 256*K1**2*K3**2 - 1232*K1**2 - 256*K1*K2**2*K3 - 96*K1*K2*K3*K4 + 1208*K1*K2*K3 + 448*K1*K3*K4 + 56*K1*K4*K5 + 8*K1*K5*K6 - 8*K2**4 - 208*K2**2*K3**2 - 8*K2**2*K4**2 + 208*K2**2*K4 - 8*K2**2*K6**2 - 954*K2**2 + 232*K2*K3*K5 + 24*K2*K4*K6 + 8*K2*K5*K7 + 8*K2*K6*K8 + 16*K3**2*K6 - 620*K3**2 + 8*K3*K4*K7 - 248*K4**2 - 92*K5**2 - 22*K6**2 - 8*K7**2 - 2*K8**2 + 1008,['5.8'],t^{6} + 67 t^{4} + 28 t^{2} + 1,['5.8']
5.9,O1O2O3O4O5U1U4U5U2U3,{'O1O2O3O4O5U1U4U5U2U3'},"[-4, 0, 0, 2, 2, 1, 3, 2, 4, 1, 1, 1, 1, 1, -1]",['5.9'],-128*K2**8 + 128*K2**6*K4 - 256*K2**6 - 32*K2**4*K4**2 + 256*K2**4*K4 - 640*K2**4 - 96*K2**2*K4**2 + 480*K2**2*K4 + 272*K2**2 + 16*K2*K4*K6 - 64*K4**2 + 62,['5.9'],t^{6} + 60 t^{4} + 47 t^{2},"['5.9', '7.3332']"
5.10,O1O2O3O4O5U1U4U5U3U2,{'O1O2O3O4O5U1U4U5U3U2'},"[-4, 0, 1, 1, 2, 1, 3, 4, 2, 1, 1, 1, 0, 1, 1]",['5.10'],-192*K1**4 - 608*K1**2*K2**2 - 192*K1**2*K2*K4 + 1192*K1**2*K2 - 1080*K1**2 + 224*K1*K2**3*K3 + 160*K1*K2**2*K3*K4 - 320*K1*K2**2*K3 - 32*K1*K2**2*K5 - 64*K1*K2*K3*K4 + 1264*K1*K2*K3 + 296*K1*K3*K4 + 24*K1*K4*K5 - 32*K2**4*K4**2 + 96*K2**4*K4 - 288*K2**4 + 32*K2**3*K4*K6 - 32*K2**3*K6 - 288*K2**2*K3**2 - 224*K2**2*K4**2 + 568*K2**2*K4 - 8*K2**2*K6**2 - 852*K2**2 + 104*K2*K3*K5 + 72*K2*K4*K6 - 472*K3**2 - 234*K4**2 - 16*K5**2 - 4*K6**2 + 904,['5.10'],t^{6} + 57 t^{4} + 32 t^{2} + 1,"['5.10', '5.25', '7.21797']"
5.11,O1O2O3O4O5U1U5U3U4U2,{'O1O2O3O4O5U1U5U3U4U2'},"[-4, 0, 1, 1, 2, 2, 1, 4, 3, 0, 1, 1, 0, 0, 1]",['5.11'],-448*K1**4 - 608*K1**2*K2**2 + 944*K1**2*K2 - 520*K1**2 + 192*K1*K2**3*K3 + 784*K1*K2*K3 + 80*K1*K3*K4 - 32*K2**4*K4**2 + 96*K2**4*K4 - 304*K2**4 + 32*K2**3*K4*K6 - 192*K2**2*K3**2 - 96*K2**2*K4**2 + 232*K2**2*K4 - 8*K2**2*K6**2 - 436*K2**2 + 80*K2*K3*K5 + 32*K2*K4*K6 - 296*K3**2 - 118*K4**2 - 16*K5**2 - 4*K6**2 + 604,['5.11'],t^{6} + 55 t^{4} + 27 t^{2},['5.11']
5.12,O1O2O3O4O5U1U5U4U3U2,{'O1O2O3O4O5U1U5U4U3U2'},"[-4, 1, 1, 1, 1, 1, 2, 3, 4, 0, 0, 0, 0, 0, 0]",['5.12'],-128*K1**2 + 160*K1*K3*K4 + 96*K1*K4*K5 - 32*K2**2 + 64*K2*K3*K5 - 112*K3**2 - 8*K4**4 + 8*K4**2*K8 - 128*K4**2 - 80*K5**2 - 2*K8**2 + 160,['5.12'],t^{6} + 50 t^{4} + 20 t^{2},['5.12']
5.13,O1O2O3O4O5U2U1U3U5U4,{'O1O2O3O4O5U2U1U3U5U4'},"[-3, -3, 0, 3, 3, 0, 1, 2, 3, 2, 3, 4, 1, 2, 0]",['5.13'],-128*K3**4 + 128*K3**2*K6 - 32*K6**2 + 30,['5.13'],t^{6} + 84 t^{4} + 83 t^{2},['5.13']
5.14,O1O2O3O4O5U2U1U4U5U3,{'O1O2O3O4O5U2U1U4U5U3'},"[-3, -3, 1, 2, 3, 0, 1, 3, 2, 2, 4, 3, 1, 1, 1]",['5.14'],32*K1**2*K2**3 - 320*K1**2*K2**2 + 448*K1**2*K2 - 480*K1**2 + 32*K1*K2**3*K3 + 488*K1*K2*K3 + 24*K1*K3*K4 - 288*K2**6 + 256*K2**4*K4 - 520*K2**4 - 96*K2**2*K3**2 - 72*K2**2*K4**2 + 360*K2**2*K4 - 72*K2**2 + 72*K2*K3*K5 + 8*K2*K4*K6 - 184*K3**2 - 58*K4**2 - 16*K5**2 + 384,['5.14'],t^{6} + 78 t^{4} + 80 t^{2},['5.14']
5.15,O1O2O3O4O5U2U1U5U4U3,{'O1O2O3O4O5U2U1U5U4U3'},"[-3, -3, 2, 2, 2, 0, 1, 2, 3, 2, 3, 4, 0, 0, 0]",['5.15'],-144*K1**2 + 336*K1*K2*K3 + 16*K1*K5*K6 - 72*K2**4 - 128*K2**2*K3**2 + 40*K2**2*K4 - 192*K2**2 + 240*K2*K3*K5 - 224*K3**2 - 2*K4**2 - 96*K5**2 - 8*K6**2 + 232,['5.15'],t^{6} + 73 t^{4} + 81 t^{2},['5.15']
5.16,O1O2O3O4O5U2U4U1U5U3,"{'O1O2O3O4O5U2U4U1U5U3', 'O1O2O3O4U1U5U2U4O5U3'}","[-3, -2, 0, 2, 3, 0, 2, 2, 4, 1, 1, 2, 1, 2, 0]","['5.16', '7.31440']",-96*K1**2*K2**2 + 256*K1**2*K2 - 128*K1**2*K3**2 - 424*K1**2 + 64*K1*K2*K3**3 + 496*K1*K2*K3 + 112*K1*K3*K4 + 16*K1*K4*K5 - 16*K2**4 - 128*K2**2*K3**2 - 16*K2**2*K4**2 + 48*K2**2*K4 - 316*K2**2 + 64*K2*K3*K5 + 16*K2*K4*K6 - 32*K3**4 - 184*K3**2 - 60*K4**2 - 16*K5**2 - 4*K6**2 + 346,['5.16'],t^{6} + 63 t^{4} + 20 t^{2},"['5.16', '7.31440']"
5.17,O1O2O3O4O5U2U4U5U1U3,"{'O1O2O3O4O5U2U4U5U1U3', 'O1O2O3O4U1U3O5U2U4U5', 'O1O2O3O4U1O5U4U2U5U3'}","[-3, -1, 0, 2, 2, 0, 2, 2, 3, 1, 1, 1, 1, 1, -1]","['5.17', '7.10066', '7.21953', '7.31851']",-48*K1**2*K2**2 + 176*K1**2*K2 - 32*K1**2*K3**2 - 276*K1**2 + 264*K1*K2*K3 + 48*K1*K3*K4 + 8*K1*K4*K5 - 16*K2**4 - 32*K2**2*K3**2 - 8*K2**2*K4**2 + 32*K2**2*K4 - 198*K2**2 + 24*K2*K3*K5 + 8*K2*K4*K6 - 124*K3**2 - 32*K4**2 - 8*K5**2 - 2*K6**2 + 214,['5.17'],t^{6} + 47 t^{4} + 8 t^{2},"['5.17', '7.10066', '7.31851']"
5.18,O1O2O3O4O5U2U5U1U4U3,"{'O1O2O3O4U1O5U2U5U4U3', 'O1O2O3O4O5U2U5U1U4U3'}","[-3, -2, 1, 2, 2, 0, 3, 2, 3, 2, 1, 2, 1, 1, 0]",['5.18'],96*K1**4*K2 - 192*K1**4 - 112*K1**2*K2**2 + 192*K1**2*K2 - 96*K1**2 + 120*K1*K2*K3 + 56*K1*K3*K4 + 24*K1*K4*K5 - 8*K2**4 - 16*K2**2*K3**2 - 8*K2**2*K4**2 + 32*K2**2*K4 - 126*K2**2 + 24*K2*K3*K5 + 8*K2*K4*K6 - 76*K3**2 - 54*K4**2 - 20*K5**2 - 2*K6**2 + 156,['5.18'],t^{6} + 51 t^{4} + 11 t^{2},['5.18']
5.19,O1O2O3O4O5U2U5U3U1U4,{'O1O2O3O4O5U2U5U3U1U4'},"[-3, -1, 0, 1, 3, 0, 1, 3, 3, 0, 1, 1, 1, 2, 2]",['5.19'],192*K1**4*K2 - 672*K1**4 + 64*K1**3*K2*K3 - 576*K1**2*K2**2 + 1024*K1**2*K2 - 192*K1**2*K3**2 - 552*K1**2 + 944*K1*K2*K3 + 176*K1*K3*K4 - 128*K2**4 - 160*K2**2*K3**2 - 16*K2**2*K4**2 + 256*K2**2*K4 - 756*K2**2 + 208*K2*K3*K5 + 16*K2*K4*K6 - 32*K3**4 + 32*K3**2*K6 - 392*K3**2 - 144*K4**2 - 64*K5**2 - 12*K6**2 + 782,['5.19'],t^{6} + 50 t^{4} + 24 t^{2},['5.19']
5.20,O1O2O3O4O5U2U5U4U1U3,"{'O1O2O3O4O5U2U5U4U1U3', 'O1O2O3O4U1U4U5U2O5U3'}","[-3, 1, 2, 2, 2, 1]","['5.20', '7.2788', '7.2925', '7.14692', '7.14695', '7.17254', '7.26405', '7.29623', '7.33706']",96*K1**4*K2 - 288*K1**4 - 112*K1**2*K2**2 + 328*K1**2*K2 - 256*K1**2 + 232*K1*K2*K3 + 160*K1*K3*K4 + 48*K1*K4*K5 - 8*K2**4 - 16*K2**2*K3**2 - 8*K2**2*K4**2 + 48*K2**2*K4 - 246*K2**2 + 32*K2*K3*K5 + 8*K2*K4*K6 - 188*K3**2 - 126*K4**2 - 36*K5**2 - 2*K6**2 + 332,['5.20'],t^{4} + 27 t^{2} + 1,"['5.20', '7.14692', '7.14695', '7.17254', '7.26405']"
5.21,O1O2O3O4O5U3U4U5U1U2,{'O1O2O3O4O5U3U4U5U1U2'},"[-2, -1, 0, 1, 2, -1, 1, 1, 2, 1, 1, 1, 1, 1, -1]","['5.21', '6.969']",-896*K1**2*K2**4 + 640*K1**2*K2**3 - 800*K1**2*K2**2 + 480*K1**2*K2 - 224*K1**2 + 512*K1*K2**3*K3 + 352*K1*K2*K3 - 704*K2**6 + 384*K2**4*K4 - 256*K2**4 - 32*K2**2*K3**2 - 16*K2**2*K4**2 + 256*K2**2*K4 + 208*K2**2 - 32*K3**2 - 16*K4**2 + 142,['5.21'],t^{6} + 33 t^{4} + 26 t^{2},['5.21']
5.22,O1O2O3O4O5U3U5U1U4U2,{'O1O2O3O4O5U3U5U1U4U2'},"[-2, -2, 1, 1, 2, -1, 1, 2, 2, 1, 2, 2, -1, 0, 1]","['5.22', '7.42589']",192*K1**4*K2 - 928*K1**4 + 64*K1**3*K2*K3 - 320*K1**3*K3 - 480*K1**2*K2**2 + 1920*K1**2*K2 - 288*K1**2*K3**2 - 1440*K1**2 + 1488*K1*K2*K3 + 368*K1*K3*K4 + 96*K1*K4*K5 + 32*K1*K5*K6 - 24*K2**4 - 32*K2**2*K3**2 - 16*K2**2*K4**2 + 120*K2**2*K4 - 1180*K2**2 + 96*K2*K3*K5 + 32*K2*K4*K6 + 32*K3**2*K6 - 696*K3**2 - 230*K4**2 - 104*K5**2 - 44*K6**2 + 1340,['5.22'],t^{6} + 35 t^{4} + 13 t^{2} + 1,"['5.22', '7.12248', '7.14383', '7.29501', '7.42589']"
5.23,O1O2O3O4O5U3U5U4U1U2,{'O1O2O3O4O5U3U5U4U1U2'},"[-2, -1, 1, 1, 1, -1, 1, 1, 2, 1, 1, 1, -1, -1, 0]","['5.23', '6.970']",-256*K1**4 + 128*K1**3*K2*K3 + 224*K1**2*K2**3 - 1392*K1**2*K2**2 - 32*K1**2*K2*K4 + 1432*K1**2*K2 - 256*K1**2*K3**2 - 768*K1**2 + 256*K1*K2**3*K3 - 512*K1*K2**2*K3 - 64*K1*K2**2*K5 + 1536*K1*K2*K3 + 264*K1*K3*K4 + 8*K1*K4*K5 - 32*K2**6 + 64*K2**4*K4 - 520*K2**4 - 32*K2**3*K6 - 400*K2**2*K3**2 - 16*K2**2*K4**2 + 416*K2**2*K4 - 446*K2**2 + 184*K2*K3*K5 + 16*K2*K4*K6 - 340*K3**2 - 70*K4**2 - 12*K5**2 - 2*K6**2 + 620,['5.23'],t^{6} + 26 t^{4} + 24 t^{2} + 1,['5.23']
5.24,O1O2O3O4O5U4U5U3U1U2,"{'O1O2O3O4U3O5U4U5U1U2', 'O1O2O3O4O5U4U5U3U1U2', 'O1O2O3O4U3U4U5U1O5U2'}","[-1, -1, 0, 1, 1, -1, 0, 1, 1, 1, 1, 1, 0, 1, 1]","['5.24', '6.971', '7.22878', '7.42721']",-256*K1**4 - 192*K1**2*K2**2 + 352*K1**2*K2 - 48*K1**2 + 192*K1*K2*K3 - 48*K2**4 + 48*K2**2*K4 - 112*K2**2 - 48*K3**2 - 12*K4**2 + 122,['5.24'],t^{6} + 12 t^{4} + 11 t^{2},"['5.24', '5.89', '5.104', '6.971', '7.9322', '7.22878', '7.39897', '7.42721', '7.44275']"
5.25,O1O2O3O4U1O5U2U4U5U3,{'O1O2O3O4U1O5U2U4U5U3'},"[-3, -2, 1, 2, 2, 0, 2, 2, 3, 2, 1, 2, 0, 0, -1]",['5.25'],-144*K1**4 + 64*K1**3*K2*K3 - 96*K1**3*K3 - 640*K1**2*K2**2 - 96*K1**2*K2*K4 + 1592*K1**2*K2 - 80*K1**2*K3**2 - 1592*K1**2 - 96*K1*K2**2*K3 + 1352*K1*K2*K3 + 264*K1*K3*K4 + 32*K1*K4*K5 - 24*K2**4 - 32*K2**2*K3**2 - 8*K2**2*K4**2 + 200*K2**2*K4 - 1142*K2**2 + 48*K2*K3*K5 + 8*K2*K4*K6 - 544*K3**2 - 182*K4**2 - 32*K5**2 - 2*K6**2 + 1148,['5.25'],t^{6} + 57 t^{4} + 32 t^{2} + 1,"['5.10', '5.25', '7.21797']"
5.26,O1O2O3O4U1O5U3U4U5U2,"{'O1O2O3O4U1U2O5U4U3U5', 'O1O2O3O4U1O5U3U4U5U2'}","[-3, -1, 1, 1, 2, 1, 1, 2, 3, 0, 1, 1, 0, -1, 0]",['5.26'],32*K1**2*K2**3 - 256*K1**2*K2**2 + 288*K1**2*K2 - 264*K1**2 + 32*K1*K2**3*K3 + 264*K1*K2*K3 + 8*K1*K3*K4 - 32*K2**6 + 32*K2**4*K4 - 232*K2**4 - 32*K2**2*K3**2 - 8*K2**2*K4**2 + 144*K2**2*K4 - 72*K2**2 + 8*K2*K3*K5 - 80*K3**2 - 26*K4**2 + 192,['5.26'],t^{6} + 48 t^{4} + 20 t^{2},['5.26']
5.27,O1O2O3O4U1O5U3U5U4U2,{'O1O2O3O4U1O5U3U5U4U2'},"[-3, -1, 1, 1, 2, 1, 1, 3, 2, 1, 2, 2, -1, 0, 1]",['5.27'],256*K1**4*K2 - 864*K1**4 + 64*K1**3*K2*K3 - 256*K1**3*K3 + 160*K1**2*K2**3 - 880*K1**2*K2**2 + 64*K1**2*K2*K3**2 + 2168*K1**2*K2 - 160*K1**2*K3**2 - 1328*K1**2 - 256*K1*K2**2*K3 - 32*K1*K2*K3*K4 + 1352*K1*K2*K3 + 168*K1*K3*K4 - 152*K2**4 - 80*K2**2*K3**2 - 8*K2**2*K4**2 + 192*K2**2*K4 - 1030*K2**2 + 64*K2*K3*K5 + 8*K2*K4*K6 - 428*K3**2 - 74*K4**2 - 12*K5**2 - 2*K6**2 + 1064,['5.27'],t^{6} + 42 t^{4} + 16 t^{2} + 1,"['5.27', '7.20797']"
5.28,O1O2O3O4U1O5U4U3U5U2,{'O1O2O3O4U1O5U4U3U5U2'},"[-3, 0, 0, 1, 2, 1, 2, 1, 3, 0, 0, 0, 0, 1, -1]",['5.28'],96*K1**4*K2 - 192*K1**4 + 32*K1**2*K2**3 - 1152*K1**2*K2**2 - 64*K1**2*K2*K4 + 1368*K1**2*K2 - 896*K1**2 + 64*K1*K2**3*K3 - 64*K1*K2**2*K3 - 32*K1*K2**2*K5 + 1032*K1*K2*K3 + 48*K1*K3*K4 - 32*K2**6 + 32*K2**4*K4 - 296*K2**4 - 32*K2**2*K3**2 - 8*K2**2*K4**2 + 272*K2**2*K4 - 552*K2**2 + 16*K2*K3*K5 - 224*K3**2 - 58*K4**2 + 640,['5.28'],t^{6} + 43 t^{4} + 18 t^{2} + 1,['5.28']
5.29,O1O2O3O4U1O5U4U5U2U3,{'O1O2O3O4U1O5U4U5U2U3'},"[-3, 0, 0, 1, 2, 1, 2, 1, 3, 1, 1, 1, 1, 1, -1]",['5.29'],-32*K1**4 - 192*K1**2*K2**4 + 576*K1**2*K2**3 - 1600*K1**2*K2**2 + 1656*K1**2*K2 - 1100*K1**2 + 192*K1*K2**3*K3 - 448*K1*K2**2*K3 + 1240*K1*K2*K3 + 24*K1*K3*K4 - 32*K2**6 + 32*K2**4*K4 - 488*K2**4 - 112*K2**2*K3**2 - 8*K2**2*K4**2 + 336*K2**2*K4 - 504*K2**2 + 32*K2*K3*K5 - 236*K3**2 - 18*K4**2 + 680,['5.29'],t^{6} + 35 t^{4} + 33 t^{2} + 1,['5.29']
5.30,O1O2O3O4U1O5U4U5U3U2,"{'O1O2O3O4U1O5U4U5U3U2', 'O1O2O3O4U1U3O5U4U5U2'}","[-3, 0, 1, 1, 1, 1, 1, 2, 3, 1, 1, 1, -1, -1, 0]",['5.30'],-96*K1**4 + 32*K1**3*K2*K3 - 176*K1**2*K2**2 + 312*K1**2*K2 - 96*K1**2*K3**2 - 352*K1**2 + 520*K1*K2*K3 + 96*K1*K3*K4 - 48*K2**4 - 48*K2**2*K3**2 - 8*K2**2*K4**2 + 48*K2**2*K4 - 286*K2**2 + 32*K2*K3*K5 + 8*K2*K4*K6 - 220*K3**2 - 40*K4**2 - 4*K5**2 - 2*K6**2 + 326,['5.30'],t^{6} + 32 t^{4} + 21 t^{2},['5.30']
5.31,O1O2O3O4U2O5U1U4U5U3,{'O1O2O3O4U2O5U1U4U5U3'},"[-3, -2, 1, 2, 2, 0, 2, 2, 4, 1, 1, 2, 1, 1, -1]",['5.31'],-112*K1**4 + 128*K1**2*K2**3 - 576*K1**2*K2**2 + 888*K1**2*K2 - 80*K1**2*K3**2 - 848*K1**2 + 776*K1*K2*K3 + 136*K1*K3*K4 + 16*K1*K4*K5 - 184*K2**4 - 64*K2**2*K3**2 - 8*K2**2*K4**2 + 88*K2**2*K4 - 462*K2**2 + 64*K2*K3*K5 + 8*K2*K4*K6 - 304*K3**2 - 70*K4**2 - 24*K5**2 - 2*K6**2 + 628,['5.31'],t^{6} + 55 t^{4} + 23 t^{2},['5.31']
5.32,O1O2O3O4U2O5U1U5U3U4,{'O1O2O3O4U2O5U1U5U3U4'},"[-3, -2, 1, 1, 3, 0, 1, 3, 4, 0, 1, 2, 0, 0, 1]",['5.32'],-192*K1**2*K2**4 + 512*K1**2*K2**3 - 1488*K1**2*K2**2 - 64*K1**2*K2*K4 + 1360*K1**2*K2 - 936*K1**2 + 288*K1*K2**3*K3 + 32*K1*K2**2*K3*K4 - 352*K1*K2**2*K3 - 32*K1*K2**2*K5 + 1168*K1*K2*K3 + 48*K1*K3*K4 - 64*K2**6 + 64*K2**4*K4 - 632*K2**4 - 144*K2**2*K3**2 - 48*K2**2*K4**2 + 520*K2**2*K4 - 408*K2**2 + 32*K2*K3*K5 + 8*K2*K4*K6 - 232*K3**2 - 86*K4**2 + 644,['5.32'],t^{6} + 56 t^{4} + 43 t^{2} + 1,"['5.32', '7.3755']"
5.33,O1O2O3O4U2O5U1U5U4U3,{'O1O2O3O4U2O5U1U5U4U3'},"[-3, -2, 1, 2, 2, 0, 1, 3, 4, 0, 1, 2, 0, 0, 0]",['5.33'],-64*K1**4 + 32*K1**3*K2*K3 + 32*K1**2*K2**3 - 448*K1**2*K2**2 + 440*K1**2*K2 - 64*K1**2*K3**2 - 392*K1**2 + 64*K1*K2**3*K3 + 600*K1*K2*K3 + 64*K1*K3*K4 - 32*K2**6 + 32*K2**4*K4 - 296*K2**4 - 96*K2**2*K3**2 - 8*K2**2*K4**2 + 168*K2**2*K4 - 176*K2**2 + 64*K2*K3*K5 - 216*K3**2 - 42*K4**2 - 16*K5**2 + 352,['5.33'],t^{6} + 53 t^{4} + 44 t^{2},['5.33']
5.34,O1O2O3O4U2O5U4U5U1U3,{'O1O2O3O4U2O5U4U5U1U3'},"[-2, -1, 0, 1, 2, -1, 1, 2, 2, 1, 1, 1, 0, 1, 1]","['5.34', '7.35001']",-624*K1**4 + 32*K1**3*K2*K3 - 224*K1**3*K3 - 208*K1**2*K2**2 + 1624*K1**2*K2 - 176*K1**2*K3**2 - 1260*K1**2 + 1064*K1*K2*K3 + 240*K1*K3*K4 - 16*K2**4 + 24*K2**2*K4 - 896*K2**2 - 468*K3**2 - 88*K4**2 + 974,['5.34'],t^{6} + 25 t^{4} + 13 t^{2} + 1,"['5.34', '7.35001']"
5.35,O1O2O3O4U3O5U1U5U2U4,{'O1O2O3O4U3O5U1U5U2U4'},"[-3, -1, 0, 1, 3, 0, 2, 1, 4, 0, 0, 1, 0, 2, 0]",['5.35'],-160*K1**4 + 64*K1**3*K2*K3 - 288*K1**2*K2**2 + 416*K1**2*K2 - 192*K1**2*K3**2 - 464*K1**2 + 816*K1*K2*K3 + 192*K1*K3*K4 - 48*K2**4 - 96*K2**2*K3**2 - 16*K2**2*K4**2 + 64*K2**2*K4 - 412*K2**2 + 64*K2*K3*K5 + 16*K2*K4*K6 - 32*K3**4 + 16*K3**2*K6 - 328*K3**2 - 76*K4**2 - 8*K5**2 - 4*K6**2 + 474,['5.35'],t^{6} + 46 t^{4} + 29 t^{2},['5.35']
5.36,O1O2O3O4U3O5U1U5U4U2,"{'O1O2O3O4U3O5U1U5U4U2', 'O1O2O3U2O4O5U1U5U3U4'}","[-3, -1, 1, 1, 2, 0, 1, 3, 3, 0, 1, 1, 0, 0, 1]",['5.36'],96*K1**4*K2 - 512*K1**4 + 32*K1**3*K2*K3 - 368*K1**2*K2**2 + 712*K1**2*K2 - 32*K1**2*K3**2 - 264*K1**2 + 456*K1*K2*K3 + 56*K1*K3*K4 - 56*K2**4 - 16*K2**2*K3**2 - 8*K2**2*K4**2 + 128*K2**2*K4 - 414*K2**2 + 48*K2*K3*K5 + 8*K2*K4*K6 - 188*K3**2 - 74*K4**2 - 20*K5**2 - 2*K6**2 + 416,['5.36'],t^{6} + 38 t^{4} + 12 t^{2},['5.36']
5.37,O1O2O3O4U1U2O5U3U4U5,{'O1O2O3O4U1U2O5U3U4U5'},"[-3, -1, 0, 2, 2, 1, 1, 2, 3, 0, 1, 1, 1, 0, -1]",['5.37'],-224*K1**4 - 32*K1**3*K3 - 256*K1**2*K2**4 + 928*K1**2*K2**3 - 2112*K1**2*K2**2 - 64*K1**2*K2*K4 + 1744*K1**2*K2 - 864*K1**2 + 352*K1*K2**3*K3 - 416*K1*K2**2*K3 - 32*K1*K2**2*K5 + 1224*K1*K2*K3 + 8*K1*K3*K4 - 32*K2**6 + 32*K2**4*K4 - 848*K2**4 - 96*K2**2*K3**2 - 8*K2**2*K4**2 + 472*K2**2*K4 - 176*K2**2 + 8*K2*K3*K5 - 168*K3**2 - 28*K4**2 + 586,['5.37'],t^{6} + 51 t^{4} + 24 t^{2} + 1,['5.37']
5.38,O1O2O3O4U1U2O5U4U5U3,"{'O1O2O3O4U1U2U3O5U4U5', 'O1O2O3O4U1U2O5U4U5U3'}","[-3, -1, 1, 1, 2, 1, 1, 2, 3, 1, 1, 2, -1, -1, 1]",['5.38'],-192*K1**2*K2**4 + 256*K1**2*K2**3 - 400*K1**2*K2**2 + 304*K1**2*K2 - 264*K1**2 + 160*K1*K2**3*K3 + 232*K1*K2*K3 + 8*K1*K3*K4 - 32*K2**6 + 32*K2**4*K4 - 152*K2**4 - 48*K2**2*K3**2 - 8*K2**2*K4**2 + 40*K2**2*K4 - 40*K2**2 + 8*K2*K3*K5 - 64*K3**2 - 14*K4**2 + 172,['5.38'],t^{6} + 40 t^{4} + 17 t^{2},['5.38']
5.39,O1O2O3O4U1U3O5U4U2U5,{'O1O2O3O4U1U3O5U4U2U5'},"[-3, 0, 0, 1, 2, 0, 2, 2, 3, 1, 0, 0, 0, 1, 0]",['5.39'],-16*K1**4 + 32*K1**3*K2*K3 - 64*K1**3*K3 - 496*K1**2*K2**2 - 32*K1**2*K2*K4 + 1000*K1**2*K2 - 48*K1**2*K3**2 - 1076*K1**2 - 32*K1*K2**2*K3 + 1000*K1*K2*K3 + 112*K1*K3*K4 + 32*K1*K4*K5 - 184*K2**4 - 64*K2**2*K3**2 - 8*K2**2*K4**2 + 232*K2**2*K4 - 726*K2**2 + 80*K2*K3*K5 + 8*K2*K4*K6 - 388*K3**2 - 118*K4**2 - 40*K5**2 - 2*K6**2 + 796,['5.39'],t^{6} + 41 t^{4} + 24 t^{2} + 1,['5.39']
5.40,O1O2O3O4U1U4O5U2U3U5,{'O1O2O3O4U1U4O5U2U3U5'},"[-3, -1, 1, 1, 2, 0, 1, 3, 3, 1, 2, 1, 0, 0, 1]",['5.40'],-192*K1**2*K2**4 + 288*K1**2*K2**3 - 1008*K1**2*K2**2 - 128*K1**2*K2*K4 + 1200*K1**2*K2 - 944*K1**2 + 352*K1*K2**3*K3 + 96*K1*K2**2*K3*K4 - 288*K1*K2**2*K3 - 32*K1*K2**2*K5 + 928*K1*K2*K3 + 96*K1*K3*K4 - 32*K2**6 + 64*K2**4*K4 - 344*K2**4 - 176*K2**2*K3**2 - 72*K2**2*K4**2 + 328*K2**2*K4 - 472*K2**2 + 16*K2*K3*K5 - 208*K3**2 - 78*K4**2 + 604,['5.40'],t^{6} + 40 t^{4} + 35 t^{2} + 1,['5.40']
5.41,O1O2O3O4U1U4O5U2U5U3,{'O1O2O3O4U1U4O5U2U5U3'},"[-3, -1, 1, 1, 2, 0, 3, 3, 2, 1, 2, 1, 0, 1, 1]",['5.41'],160*K1**4*K2 - 384*K1**4 + 32*K1**3*K2*K3 - 96*K1**3*K3 + 160*K1**2*K2**3 - 720*K1**2*K2**2 + 64*K1**2*K2*K3**2 + 1584*K1**2*K2 - 160*K1**2*K3**2 - 1280*K1**2 - 416*K1*K2**2*K3 - 64*K1*K2*K3*K4 + 1240*K1*K2*K3 + 352*K1*K3*K4 + 40*K1*K4*K5 - 184*K2**4 - 80*K2**2*K3**2 - 8*K2**2*K4**2 + 328*K2**2*K4 - 958*K2**2 + 88*K2*K3*K5 + 8*K2*K4*K6 - 484*K3**2 - 194*K4**2 - 36*K5**2 - 2*K6**2 + 1008,['5.41'],t^{6} + 36 t^{4} + 23 t^{2} + 1,['5.41']
5.42,O1O2O3O4U1U4O5U3U2U5,{'O1O2O3O4U1U4O5U3U2U5'},"[-3, 0, 0, 1, 2, 0, 1, 3, 3, 0, 1, 0, 1, 1, 1]","['5.42', '7.28336']",-64*K1**4 + 32*K1**3*K2*K3 - 368*K1**2*K2**2 - 160*K1**2*K2*K4 + 832*K1**2*K2 - 64*K1**2*K3**2 - 872*K1**2 - 160*K1*K2**2*K3 + 880*K1*K2*K3 + 328*K1*K3*K4 - 8*K2**4 - 48*K2**2*K3**2 - 72*K2**2*K4**2 + 352*K2**2*K4 - 798*K2**2 + 32*K2*K3*K5 + 40*K2*K4*K6 - 364*K3**2 - 230*K4**2 - 4*K5**2 - 2*K6**2 + 716,['5.42'],t^{6} + 37 t^{4} + 25 t^{2} + 1,['5.42']
5.43,O1O2O3O4U1U4O5U3U5U2,"{'O1O2O3O4U1U4O5U3U5U2', 'O1O2O3O4U1U4U2O5U3U5'}","[-3, 0, 1, 1, 1, 1, 1, 3, 3, 0, 0, 1, -1, 0, 0]",['5.43'],96*K1**4*K2 - 384*K1**4 + 32*K1**3*K2*K3 - 240*K1**2*K2**2 + 480*K1**2*K2 - 32*K1**2*K3**2 - 176*K1**2 + 304*K1*K2*K3 + 48*K1*K3*K4 - 16*K2**4 - 16*K2**2*K3**2 - 8*K2**2*K4**2 + 64*K2**2*K4 - 286*K2**2 + 32*K2*K3*K5 + 8*K2*K4*K6 - 132*K3**2 - 48*K4**2 - 12*K5**2 - 2*K6**2 + 286,['5.43'],t^{6} + 30 t^{4} + 17 t^{2},['5.43']
5.44,O1O2O3O4U2U1O5U3U5U4,{'O1O2O3O4U2U1O5U3U5U4'},"[-3, -1, 0, 2, 2, 0, 2, 2, 3, 1, 1, 1, 1, 2, 0]",['5.44'],96*K1**4*K2 - 512*K1**4 - 496*K1**2*K2**2 + 848*K1**2*K2 - 128*K1**2*K3**2 - 408*K1**2 + 600*K1*K2*K3 + 232*K1*K3*K4 + 24*K1*K4*K5 - 16*K2**4 - 16*K2**2*K3**2 - 8*K2**2*K4**2 + 72*K2**2*K4 - 430*K2**2 + 40*K2*K3*K5 + 8*K2*K4*K6 - 252*K3**2 - 128*K4**2 - 28*K5**2 - 2*K6**2 + 502,['5.44'],t^{6} + 43 t^{4} + 20 t^{2},['5.44']
5.45,O1O2O3O4U2U1O5U4U5U3,"{'O1O2O3O4U2U1O5U4U5U3', 'O1O2O3O4U2U1U3O5U4U5'}","[-2, -2, 1, 1, 2, 0, 1, 1, 2, 1, 2, 3, -1, -1, 1]",['5.45'],-64*K1**4 + 32*K1**3*K2*K3 - 128*K1**2*K2**2 + 208*K1**2*K2 - 64*K1**2*K3**2 - 208*K1**2 + 288*K1*K2*K3 + 56*K1*K3*K4 - 8*K2**4 + 8*K2**2*K4 - 168*K2**2 - 120*K3**2 - 18*K4**2 + 184,['5.45'],t^{6} + 37 t^{4} + 26 t^{2},"['5.45', '7.25218']"
5.46,O1O2O3O4U2U3O5U1U5U4,{'O1O2O3O4U2U3O5U1U5U4'},"[-3, -1, 0, 2, 2, 0, 1, 2, 4, 0, 0, 1, 1, 1, -1]",['5.46'],-16*K1**4 - 192*K1**2*K2**4 + 352*K1**2*K2**3 - 704*K1**2*K2**2 + 680*K1**2*K2 - 16*K1**2*K3**2 - 620*K1**2 + 160*K1*K2**3*K3 + 496*K1*K2*K3 + 48*K1*K3*K4 + 16*K1*K4*K5 - 32*K2**6 + 32*K2**4*K4 - 224*K2**4 - 48*K2**2*K3**2 - 8*K2**2*K4**2 + 64*K2**2*K4 - 200*K2**2 + 8*K2*K3*K5 - 156*K3**2 - 44*K4**2 - 8*K5**2 + 410,['5.46'],t^{6} + 43 t^{4} + 19 t^{2},['5.46']
5.47,O1O2O3O4U2U3O5U4U1U5,"{'O1O2O3O4U2U3O5U4U1U5', 'O1O2O3U1O4U3O5U2U4U5'}","[-2, -1, 0, 1, 2, -1, 1, 1, 3, 1, 0, 1, 0, 1, 0]","['5.47', '5.65', '7.29824']",-16*K1**4 + 96*K1**2*K2**3 - 304*K1**2*K2**2 + 448*K1**2*K2 - 16*K1**2*K3**2 - 428*K1**2 + 288*K1*K2*K3 + 32*K1*K3*K4 - 80*K2**4 + 24*K2**2*K4 - 200*K2**2 - 100*K3**2 - 16*K4**2 + 270,['5.47'],t^{6} + 31 t^{4} + 8 t^{2},['5.47']
5.48,O1O2O3O4U2U4O5U1U5U3,{'O1O2O3O4U2U4O5U1U5U3'},"[-2, -2, 1, 1, 2, -1, 1, 1, 3, 0, 1, 2, 0, 0, 0]","['5.48', '7.32766']",160*K1**4*K2 - 464*K1**4 + 32*K1**3*K2*K3 - 288*K1**3*K3 - 432*K1**2*K2**2 - 32*K1**2*K2*K4 + 1744*K1**2*K2 - 176*K1**2*K3**2 - 1512*K1**2 - 192*K1*K2**2*K3 - 96*K1*K2*K3*K4 + 1384*K1*K2*K3 + 384*K1*K3*K4 + 72*K1*K4*K5 - 24*K2**4 - 48*K2**2*K3**2 - 16*K2**2*K4**2 + 248*K2**2*K4 - 1180*K2**2 + 136*K2*K3*K5 + 32*K2*K4*K6 - 604*K3**2 - 234*K4**2 - 68*K5**2 - 12*K6**2 + 1184,['5.48'],t^{6} + 31 t^{4} + 15 t^{2} + 1,['5.48']
5.49,O1O2O3O4U2U4O5U3U1U5,{'O1O2O3O4U2U4O5U3U1U5'},"[-2, -1, 0, 1, 2, -1, 0, 2, 3, 0, 1, 1, 1, 1, 1]","['5.49', '7.27100']",256*K1**4*K2 - 816*K1**4 + 64*K1**3*K2*K3 - 656*K1**2*K2**2 + 1432*K1**2*K2 - 208*K1**2*K3**2 - 32*K1**2*K4**2 - 968*K1**2 + 1136*K1*K2*K3 + 264*K1*K3*K4 + 56*K1*K4*K5 - 64*K2**4 - 112*K2**2*K3**2 - 48*K2**2*K4**2 + 208*K2**2*K4 - 980*K2**2 + 104*K2*K3*K5 + 32*K2*K4*K6 - 476*K3**2 - 180*K4**2 - 44*K5**2 - 4*K6**2 + 1034,['5.49'],t^{6} + 27 t^{4} + 19 t^{2},"['5.49', '7.35704', '7.40541']"
5.50,O1O2O3O4U3U1O5U4U5U2,"{'O1O2O3U4U1O5U3U5O4U2', 'O1O2O3O4U3U1O5U4U5U2'}","[-2, -1, 1, 1, 1, 0, 1, 2, 2, 1, 1, 1, -1, -1, 0]",['5.50'],-576*K1**4 - 160*K1**2*K2**2 + 624*K1**2*K2 + 8*K1**2 + 128*K1*K2*K3 - 8*K2**4 + 8*K2**2*K4 - 152*K2**2 - 24*K3**2 - 2*K4**2 + 152,['5.50'],t^{6} + 22 t^{4} + 7 t^{2},"['5.50', '7.35061']"
5.51,O1O2O3O4U3U2O5U1U5U4,{'O1O2O3O4U3U2O5U1U5U4'},"[-3, -1, 1, 1, 2, 0, 1, 2, 4, 0, 0, 1, 0, 0, 0]",['5.51'],-352*K1**4 + 32*K1**3*K2*K3 - 192*K1**3*K3 - 432*K1**2*K2**2 - 160*K1**2*K2*K4 + 1360*K1**2*K2 - 96*K1**2*K3**2 - 1208*K1**2 - 32*K1*K2*K3*K4 + 1224*K1*K2*K3 + 312*K1*K3*K4 + 56*K1*K4*K5 - 40*K2**4 - 16*K2**2*K3**2 - 8*K2**2*K4**2 + 232*K2**2*K4 - 966*K2**2 + 88*K2*K3*K5 + 8*K2*K4*K6 - 524*K3**2 - 222*K4**2 - 60*K5**2 - 2*K6**2 + 996,['5.51'],t^{6} + 38 t^{4} + 18 t^{2} + 1,['5.51']
5.52,O1O2O3O4U3U2O5U4U1U5,{'O1O2O3O4U3U2O5U4U1U5'},"[-2, -1, 1, 1, 1, 0, 1, 2, 2, 0, 0, 1, -1, -1, 0]",['5.52'],96*K1**4*K2 - 544*K1**4 - 256*K1**3*K3 - 448*K1**2*K2**2 - 96*K1**2*K2*K4 + 1560*K1**2*K2 - 32*K1**2*K3**2 - 1120*K1**2 + 1016*K1*K2*K3 + 208*K1*K3*K4 - 40*K2**4 + 120*K2**2*K4 - 808*K2**2 - 384*K3**2 - 122*K4**2 + 848,['5.52'],t^{6} + 26 t^{4} + 13 t^{2} + 1,['5.52']
5.53,O1O2O3O4U3U4O5U1U5U2,{'O1O2O3O4U3U4O5U1U5U2'},"[-2, -1, 1, 1, 1, -1, 1, 1, 2, 0, 1, 1, 0, 0, -1]","['5.53', '6.1537', '7.9821', '7.44029']",384*K1**4*K2 - 1216*K1**4 + 128*K1**3*K2*K3 - 64*K1**3*K3 + 512*K1**2*K2**3 - 2384*K1**2*K2**2 - 128*K1**2*K2*K4 + 2312*K1**2*K2 - 128*K1**2*K3**2 - 544*K1**2 + 256*K1*K2**3*K3 - 512*K1*K2**2*K3 - 96*K1*K2**2*K5 + 1760*K1*K2*K3 + 152*K1*K3*K4 + 8*K1*K4*K5 - 32*K2**6 + 64*K2**4*K4 - 632*K2**4 - 32*K2**3*K6 - 272*K2**2*K3**2 - 16*K2**2*K4**2 + 488*K2**2*K4 - 518*K2**2 + 136*K2*K3*K5 + 16*K2*K4*K6 - 292*K3**2 - 58*K4**2 - 12*K5**2 - 2*K6**2 + 720,['5.53'],t^{6} + 18 t^{4} + 18 t^{2} + 1,"['5.53', '6.1537', '7.9821', '7.44029']"
5.54,O1O2O3O4U3U4O5U2U1U5,{'O1O2O3O4U3U4O5U2U1U5'},"[-2, -1, 1, 1, 1, 0, 0, 1, 2, 1, 1, 1, -1, -1, 0]","['5.54', '6.1506', '7.22432']",384*K1**4*K2 - 800*K1**4 - 192*K1**3*K3 + 512*K1**2*K2**3 - 1584*K1**2*K2**2 - 256*K1**2*K2*K4 + 1624*K1**2*K2 - 32*K1**2*K3**2 - 600*K1**2 + 160*K1*K2**3*K3 - 224*K1*K2**2*K3 - 64*K1*K2**2*K5 - 64*K1*K2*K3*K4 + 1216*K1*K2*K3 + 144*K1*K3*K4 + 32*K1*K4*K5 - 32*K2**6 + 64*K2**4*K4 - 488*K2**4 - 112*K2**2*K3**2 - 48*K2**2*K4**2 + 368*K2**2*K4 - 366*K2**2 + 88*K2*K3*K5 + 16*K2*K4*K6 - 212*K3**2 - 78*K4**2 - 20*K5**2 - 2*K6**2 + 564,['5.54'],t^{6} + 18 t^{4} + 16 t^{2} + 1,"['5.54', '6.1506']"
5.55,O1O2O3O4U5U1O5U3U2U4,{'O1O2O3O4U5U1O5U3U2U4'},"[-3, 0, 0, 1, 2, 1, 2, 1, 3, 0, 1, 1, 1, 2, -1]","['5.55', '7.14395']",-64*K1**4 + 32*K1**3*K2*K3 - 384*K1**3*K3 - 112*K1**2*K2**2 + 1048*K1**2*K2 - 256*K1**2*K3**2 - 1112*K1**2 - 96*K1*K2**2*K3 - 64*K1*K2*K3*K4 + 1120*K1*K2*K3 + 288*K1*K3*K4 + 24*K1*K4*K5 - 8*K2**4 - 16*K2**2*K3**2 - 8*K2**2*K4**2 + 96*K2**2*K4 - 694*K2**2 + 40*K2*K3*K5 + 8*K2*K4*K6 - 436*K3**2 - 102*K4**2 - 12*K5**2 - 2*K6**2 + 708,['5.55'],t^{6} + 37 t^{4} + 21 t^{2} + 1,['5.55']
5.56,O1O2O3O4U5U1O5U3U4U2,{'O1O2O3O4U5U1O5U3U4U2'},"[-2, -1, 0, 1, 2, -1, 2, 1, 3, 1, 1, 1, 0, 1, 0]",['5.56'],-800*K1**4 - 32*K1**3*K3 + 224*K1**2*K2**3 - 1344*K1**2*K2**2 - 32*K1**2*K2*K4 + 1920*K1**2*K2 - 632*K1**2 - 128*K1*K2**2*K3 + 976*K1*K2*K3 - 304*K2**4 + 216*K2**2*K4 - 496*K2**2 - 152*K3**2 - 20*K4**2 + 602,['5.56'],t^{6} + 27 t^{4} + 29 t^{2} + 1,['5.56']
5.57,O1O2O3O4U5U2O5U1U3U4,{'O1O2O3O4U5U2O5U1U3U4'},"[-3, -1, 1, 1, 2, 1, 1, 3, 2, 1, 2, 1, -1, 0, 0]",['5.57'],288*K1**2*K2**3 - 1248*K1**2*K2**2 - 32*K1**2*K2*K4 + 1168*K1**2*K2 - 880*K1**2 + 192*K1*K2**3*K3 - 192*K1*K2**2*K3 - 32*K1*K2**2*K5 + 1072*K1*K2*K3 + 16*K1*K3*K4 - 32*K2**6 + 64*K2**4*K4 - 552*K2**4 - 160*K2**2*K3**2 - 72*K2**2*K4**2 + 472*K2**2*K4 - 456*K2**2 + 48*K2*K3*K5 + 24*K2*K4*K6 - 240*K3**2 - 98*K4**2 + 648,['5.57'],t^{6} + 44 t^{4} + 80 t^{2} + 1,['5.57']
5.58,O1O2O3O4U5U2O5U1U4U3,{'O1O2O3O4U5U2O5U1U4U3'},"[-2, -2, 1, 1, 2, 0, 0, 2, 2, 1, 2, 3, -1, 1, 1]",['5.58'],96*K1**4*K2 - 192*K1**4 + 64*K1**2*K2**3 - 592*K1**2*K2**2 + 720*K1**2*K2 - 592*K1**2 + 32*K1*K2**3*K3 + 584*K1*K2*K3 + 128*K1*K3*K4 + 48*K1*K4*K5 - 32*K2**6 + 64*K2**4*K4 - 456*K2**4 - 80*K2**2*K3**2 - 48*K2**2*K4**2 + 432*K2**2*K4 - 382*K2**2 + 88*K2*K3*K5 + 16*K2*K4*K6 - 252*K3**2 - 206*K4**2 - 52*K5**2 - 2*K6**2 + 612,['5.58'],t^{6} + 39 t^{4} + 83 t^{2},['5.58']
5.59,O1O2O3O4U5U3O5U1U2U4,{'O1O2O3O4U5U3O5U1U2U4'},"[-3, 0, 0, 1, 2, 0, 2, 3, 3, 1, 0, 1, 1, 1, 1]",['5.59'],-16*K1**4 - 848*K1**2*K2**2 - 32*K1**2*K2*K4 + 1040*K1**2*K2 - 16*K1**2*K3**2 - 884*K1**2 + 192*K1*K2**3*K3 + 96*K1*K2**2*K3*K4 - 192*K1*K2**2*K3 - 64*K1*K2**2*K5 - 64*K1*K2*K3*K4 + 1120*K1*K2*K3 + 120*K1*K3*K4 + 8*K1*K4*K5 - 184*K2**4 - 224*K2**2*K3**2 - 72*K2**2*K4**2 + 264*K2**2*K4 - 582*K2**2 + 112*K2*K3*K5 + 16*K2*K4*K6 - 340*K3**2 - 78*K4**2 - 8*K5**2 - 2*K6**2 + 636,['5.59'],t^{6} + 41 t^{4} + 54 t^{2} + 1,['5.59']
5.60,O1O2O3O4U5U3O5U1U4U2,{'O1O2O3O4U5U3O5U1U4U2'},"[-2, -1, 0, 1, 2, 0, 1, 1, 2, 1, 0, 1, 1, 2, 0]","['5.60', '7.24295', '7.28302']",96*K1**4*K2 - 1088*K1**4 + 64*K1**3*K2*K3 - 192*K1**3*K3 - 864*K1**2*K2**2 - 224*K1**2*K2*K4 + 2264*K1**2*K2 - 160*K1**2*K3**2 - 1276*K1**2 - 96*K1*K2**2*K3 - 32*K1*K2**2*K5 - 64*K1*K2*K3*K4 + 1768*K1*K2*K3 + 368*K1*K3*K4 + 32*K1*K4*K5 - 64*K2**4 - 48*K2**2*K3**2 - 48*K2**2*K4**2 + 320*K2**2*K4 - 1268*K2**2 + 112*K2*K3*K5 + 32*K2*K4*K6 - 624*K3**2 - 200*K4**2 - 36*K5**2 - 4*K6**2 + 1230,['5.60'],t^{6} + 29 t^{4} + 18 t^{2} + 1,"['5.60', '7.28302']"
5.61,O1O2O3O4U5U3O5U2U1U4,{'O1O2O3O4U5U3O5U2U1U4'},"[-3, 0, 1, 1, 1, 0, 2, 3, 3, 1, 0, 1, 0, 0, 0]",['5.61'],96*K1**4*K2 - 320*K1**4 - 624*K1**2*K2**2 - 32*K1**2*K2*K4 + 1320*K1**2*K2 - 1144*K1**2 - 224*K1*K2**2*K3 - 32*K1*K2**2*K5 + 1144*K1*K2*K3 + 256*K1*K3*K4 + 64*K1*K4*K5 - 112*K2**4 - 48*K2**2*K3**2 - 8*K2**2*K4**2 + 312*K2**2*K4 - 950*K2**2 + 64*K2*K3*K5 + 8*K2*K4*K6 - 476*K3**2 - 216*K4**2 - 44*K5**2 - 2*K6**2 + 966,['5.61'],t^{6} + 36 t^{4} + 41 t^{2} + 1,['5.61']
5.62,O1O2O3U1O4U2O5U3U4U5,{'O1O2O3U1O4U2O5U3U4U5'},"[-2, -1, 1, 2, 0, 1, 3, 0, 1, 0]","['4.7', '5.62']",-128*K1**4 - 288*K1**2*K2**2 + 1056*K1**2*K2 - 952*K1**2 + 464*K1*K2*K3 + 16*K1*K3*K4 - 16*K2**4 + 16*K2**2*K4 - 584*K2**2 - 168*K3**2 - 12*K4**2 + 594,['5.62'],t^{5} + 25 t^{3} + 5 t,['5.62']
5.63,O1O2O3U1O4U3O5U4U2U5,"{'O1O2O3U1O4U3O5U4U2U5', 'O1O2O3U1U2O4O5U3U4U5'}","[-2, 0, 0, 0, 2, 0, 1, 1, 3, -1, 1, 0, 1, 1, 1]",['5.63'],-256*K2**4 + 176*K2**2*K4 + 80*K2**2 - 24*K4**2 + 22,['5.63'],t^{6} + 24 t^{4} + 27 t^{2},['5.63']
5.64,O1O2O3U1O4U3O5U4U5U2,{'O1O2O3U1O4U3O5U4U5U2'},"[-2, 0, 0, 1, 1, 1, 1, 0, 2, -1, 1, 0, 1, 1, -1]",['5.64'],128*K1**4*K2 - 464*K1**4 + 32*K1**3*K2*K3 - 160*K1**3*K3 - 688*K1**2*K2**2 - 32*K1**2*K2*K4 + 1840*K1**2*K2 - 16*K1**2*K3**2 - 1340*K1**2 + 960*K1*K2*K3 + 24*K1*K3*K4 - 56*K2**4 + 40*K2**2*K4 - 864*K2**2 - 284*K3**2 - 10*K4**2 + 888,['5.64'],t^{6} + 17 t^{4} + 14 t^{2} + 1,['5.64']
5.65,O1O2O3U2O4U1O5U4U5U3,{'O1O2O3U2O4U1O5U4U5U3'},"[-2, -1, 0, 1, 2, -1, 1, 1, 3, 1, 0, 1, 0, 1, 0]","['5.47', '5.65', '7.29824']",128*K1**4*K2 - 816*K1**4 + 64*K1**3*K2*K3 - 592*K1**2*K2**2 + 1312*K1**2*K2 - 80*K1**2*K3**2 - 588*K1**2 + 816*K1*K2*K3 + 32*K1*K3*K4 - 64*K2**4 + 112*K2**2*K4 - 688*K2**2 - 276*K3**2 - 44*K4**2 + 682,['5.65'],t^{6} + 25 t^{4} + 12 t^{2},"['5.65', '7.29824']"
5.66,O1O2O3U4O5U1O4U2U5U3,{'O1O2O3U4O5U1O4U2U5U3'},"[-2, -1, 0, 1, 2, 0, 1, 1, 2, 0, 2, 2, 0, 0, 1]",['5.66'],-176*K1**4 + 32*K1**3*K2*K3 - 32*K1**3*K3 - 400*K1**2*K2**2 - 64*K1**2*K2*K4 + 1216*K1**2*K2 - 48*K1**2*K3**2 - 1212*K1**2 - 32*K1*K2**2*K3 + 976*K1*K2*K3 + 136*K1*K3*K4 - 16*K2**4 + 80*K2**2*K4 - 848*K2**2 - 396*K3**2 - 72*K4**2 + 854,['5.66'],t^{6} + 27 t^{4} + 51 t^{2} + 1,['5.66']
5.67,O1O2O3U4O5U2O4U1U5U3,{'O1O2O3U4O5U2O4U1U5U3'},"[-2, -1, 0, 1, 2, 0, 1, 2, 1, 0, 2, 2, 0, 1, 0]","['5.67', '7.41652']",64*K1**4*K2 - 128*K1**4 + 192*K1**2*K2**3 - 992*K1**2*K2**2 + 1376*K1**2*K2 - 32*K1**2*K3**2 - 1128*K1**2 + 784*K1*K2*K3 + 96*K1*K3*K4 - 144*K2**4 + 32*K2**2*K4 - 560*K2**2 - 232*K3**2 - 44*K4**2 + 714,['5.67'],t^{6} + 27 t^{4} + 56 t^{2},"['5.67', '7.41652']"
5.68,O1O2O3U1O4U2U3O5U4U5,{'O1O2O3U1O4U2U3O5U4U5'},"[-2, -1, 1, 1, 1, 0, 1, 1, 3, 0, 1, 1, 1, -1, -1]",['5.68'],96*K1**2*K2**3 - 896*K1**2*K2**2 + 1120*K1**2*K2 - 816*K1**2 + 592*K1*K2*K3 - 72*K2**4 + 16*K2**2*K4 - 400*K2**2 - 96*K3**2 - 2*K4**2 + 456,['5.68'],t^{6} + 26 t^{4} + 16 t^{2} + 1,['5.68']
5.69,O1O2O3U1O4U3U2O5U4U5,{'O1O2O3U1O4U3U2O5U4U5'},"[-2, 0, 0, 1, 1, 0, 1, 1, 3, 0, -1, 0, 0, 0, -1]","['5.69', '7.37775']",96*K1**4*K2 - 192*K1**4 - 384*K1**2*K2**2 + 1032*K1**2*K2 - 800*K1**2 + 328*K1*K2*K3 - 8*K2**4 + 8*K2**2*K4 - 488*K2**2 - 80*K3**2 - 2*K4**2 + 488,['5.69'],t^{6} + 23 t^{4} + 10 t^{2} + 1,['5.69']
5.70,O1O2O3U1O4U3U4O5U2U5,"{'O1O2O3U4U2O5U3U1O4U5', 'O1O2O3U1O4U3U4O5U2U5'}","[-2, 0, 0, 1, 1, 0, 1, 2, 2, 1, 0, 0, 0, 1, 0]","['5.70', '7.37620', '7.39620', '7.45031']",32*K1**4*K2 - 320*K1**4 - 160*K1**2*K2**2 + 552*K1**2*K2 - 216*K1**2 + 152*K1*K2*K3 - 8*K2**4 + 8*K2**2*K4 - 208*K2**2 - 40*K3**2 - 2*K4**2 + 208,['5.70'],t^{6} + 17 t^{4} + 15 t^{2},"['5.70', '7.45031']"
5.71,O1O2O3U2O4U1U3O5U4U5,{'O1O2O3U2O4U1U3O5U4U5'},"[-2, -1, 1, 1, 1, 0, 1, 2, 2, 0, 1, 1, -1, -1, -1]",['5.71'],96*K1**4*K2 - 1184*K1**4 + 32*K1**3*K2*K3 - 96*K1**3*K3 + 96*K1**2*K2**3 - 1184*K1**2*K2**2 - 96*K1**2*K2*K4 + 2240*K1**2*K2 - 96*K1**2*K3**2 - 848*K1**2 - 96*K1*K2**2*K3 + 1360*K1*K2*K3 + 128*K1*K3*K4 - 152*K2**4 + 184*K2**2*K4 - 864*K2**2 - 352*K3**2 - 62*K4**2 + 892,['5.71'],t^{6} + 22 t^{4} + 12 t^{2} + 1,"['5.71', '5.87', '7.29804', '7.44240']"
5.72,O1O2O3U2O4U1U4O5U3U5,{'O1O2O3U2O4U1U4O5U3U5'},"[-2, -1, 1, 1, 1, 0, 1, 1, 3, 0, 1, 1, 0, 0, -1]",['5.72'],-992*K1**4 - 576*K1**2*K2**2 + 1712*K1**2*K2 - 496*K1**2 + 416*K1*K2*K3 - 72*K2**4 + 40*K2**2*K4 - 496*K2**2 - 64*K3**2 - 2*K4**2 + 528,['5.72'],t^{6} + 22 t^{4} + 18 t^{2} + 1,['5.72']
5.73,O1O2O3U2O4U5U3O5U1U4,{'O1O2O3U2O4U5U3O5U1U4'},"[-2, -1, 1, 1, 1, 0, 1, 2, 2, 1, 1, 2, 0, -1, 0]",['5.73'],96*K1**4*K2 - 1088*K1**4 + 32*K1**3*K2*K3 - 256*K1**3*K3 - 896*K1**2*K2**2 - 64*K1**2*K2*K4 + 2224*K1**2*K2 - 64*K1**2*K3**2 - 1008*K1**2 + 1328*K1*K2*K3 + 64*K1*K3*K4 - 120*K2**4 + 128*K2**2*K4 - 888*K2**2 - 368*K3**2 - 38*K4**2 + 916,['5.73'],t^{6} + 24 t^{4} + 19 t^{2} + 1,['5.73']
5.74,O1O2O3U4O5U3U2O4U1U5,{'O1O2O3U4O5U3U2O4U1U5'},"[-2, 0, 0, 1, 1, 0, 1, 2, 2, 0, 0, 1, 1, 1, -1]",['5.74'],96*K1**4*K2 - 512*K1**4 - 64*K1**3*K3 - 672*K1**2*K2**2 - 64*K1**2*K2*K4 + 1272*K1**2*K2 - 720*K1**2 + 872*K1*K2*K3 + 48*K1*K3*K4 - 8*K2**4 + 40*K2**2*K4 - 608*K2**2 - 256*K3**2 - 26*K4**2 + 600,['5.74'],t^{6} + 19 t^{4} + 18 t^{2} + 1,"['5.74', '7.37775']"
5.75,O1O2O3U1O4U3U5U4O5U2,{'O1O2O3U1O4U3U5U4O5U2'},"[-2, -1, 0, 1, 2, -1, 1, 1, 3, 0, 0, 1, 0, 1, -1]","['5.75', '7.37254']",256*K1**4*K2 - 896*K1**4 - 352*K1**2*K2**2 + 1392*K1**2*K2 - 32*K1**2*K3**2 - 664*K1**2 + 416*K1*K2*K3 + 32*K1*K3*K4 - 16*K2**4 + 16*K2**2*K4 - 624*K2**2 - 152*K3**2 - 12*K4**2 + 634,['5.75'],t^{6} + 35 t^{4} + 20 t^{2},['5.75']
5.76,O1O2O3U1O4U5U4U3O5U2,{'O1O2O3U1O4U5U4U3O5U2'},"[-2, -2, 1, 1, 2, -1, 1, 3, 3, 0, 2, 1, -1, 0, 1]",['5.76'],256*K1**4*K2 - 896*K1**4 + 64*K1**3*K2*K3 - 256*K1**3*K3 - 640*K1**2*K2**2 - 32*K1**2*K2*K4 + 2224*K1**2*K2 - 64*K1**2*K3**2 - 1360*K1**2 + 928*K1*K2*K3 + 48*K1*K3*K4 - 24*K2**4 + 24*K2**2*K4 - 968*K2**2 - 272*K3**2 - 14*K4**2 + 980,['5.76'],t^{6} + 41 t^{4} + 22 t^{2} + 1,['5.76']
5.77,O1O2O3U2O4U3U5U1O5U4,{'O1O2O3U2O4U3U5U1O5U4'},"[-2, 0, 0, 1, 1, 1, 1, 1, 2, -1, 1, 0, 1, 0, -1]",['5.77'],-1024*K1**4 - 64*K1**3*K3 - 96*K1**2*K2**2 + 1712*K1**2*K2 - 712*K1**2 + 288*K1*K2*K3 - 8*K2**4 + 8*K2**2*K4 - 648*K2**2 - 104*K3**2 - 2*K4**2 + 648,['5.77'],t^{6} + 17 t^{4} + 21 t^{2} + 1,['5.77']
5.78,O1O2O3U1U2O4O5U3U5U4,{'O1O2O3U1U2O4O5U3U5U4'},"[-2, 0, 0, 1, 1, 0, 1, 2, 2, 1, -1, 0, 0, 0, 0]",['5.78'],-448*K1**4 + 160*K1**2*K2**3 - 1120*K1**2*K2**2 + 1504*K1**2*K2 - 800*K1**2 - 160*K1*K2**2*K3 + 1088*K1*K2*K3 + 80*K1*K3*K4 - 232*K2**4 + 272*K2**2*K4 - 664*K2**2 - 304*K3**2 - 98*K4**2 + 720,['5.78'],t^{6} + 21 t^{4} + 16 t^{2} + 1,"['5.78', '7.34586']"
5.79,O1O2O3U1U2O4O5U4U3U5,{'O1O2O3U1U2O4O5U4U3U5'},"[-2, -1, 0, 1, 2, -1, 1, 2, 3, 0, 2, 1, 1, 1, 1]",['5.79'],-448*K1**2*K2**4 + 448*K1**2*K2**3 - 992*K1**2*K2**2 + 736*K1**2*K2 - 32*K1**2*K3**2 - 764*K1**2 + 576*K1*K2**3*K3 + 912*K1*K2*K3 + 96*K1*K3*K4 + 32*K1*K4*K5 - 32*K2**6 + 64*K2**4*K4 - 416*K2**4 - 304*K2**2*K3**2 - 48*K2**2*K4**2 + 112*K2**2*K4 - 190*K2**2 + 80*K2*K3*K5 + 16*K2*K4*K6 - 316*K3**2 - 84*K4**2 - 24*K5**2 - 2*K6**2 + 578,['5.79'],t^{6} + 23 t^{4} + 27 t^{2},"['5.79', '7.41148']"
5.80,O1O2O3U1U3O4O5U2U5U4,{'O1O2O3U1U3O4O5U2U5U4'},"[-2, -1, 1, 1, 1, -1, 2, 2, 2, 0, 1, 2, 0, 0, 0]",['5.80'],-224*K1**4 + 32*K1**3*K2*K3 - 128*K1**2*K2**2 + 360*K1**2*K2 - 128*K1**2*K3**2 - 416*K1**2 + 552*K1*K2*K3 + 288*K1*K3*K4 - 8*K2**4 + 16*K2**2*K4 - 328*K2**2 - 336*K3**2 - 122*K4**2 + 440,['5.80'],t^{6} + 20 t^{4} + 23 t^{2},['5.80']
5.81,O1O2O3U1U3O4O5U4U2U5,{'O1O2O3U1U3O4O5U4U2U5'},"[-2, -1, 0, 1, 2, 0, 2, 1, 1, 0, 0, 1, 0, 2, 0]",['5.81'],-160*K1**4 + 64*K1**3*K2*K3 - 256*K1**2*K2**2 + 432*K1**2*K2 - 160*K1**2*K3**2 - 536*K1**2 + 784*K1*K2*K3 + 208*K1*K3*K4 + 16*K1*K4*K5 - 16*K2**4 - 32*K2**2*K3**2 - 16*K2**2*K4**2 + 48*K2**2*K4 - 476*K2**2 + 48*K2*K3*K5 + 32*K2*K4*K6 - 384*K3**2 - 108*K4**2 - 24*K5**2 - 12*K6**2 + 546,['5.81'],t^{6} + 21 t^{4} + 29 t^{2},['5.81']
5.82,O1O2O3U1U3O4O5U4U5U2,{'O1O2O3U1U3O4O5U4U5U2'},"[-2, -1, 1, 1, 1, 0, 0, 1, 2, 1, 0, 1, 0, -1, 0]","['5.82', '6.1734', '7.13522', '7.32803']",384*K1**4*K2 - 1312*K1**4 + 128*K1**3*K2*K3 - 192*K1**3*K3 + 512*K1**2*K2**3 - 2192*K1**2*K2**2 - 256*K1**2*K2*K4 + 2312*K1**2*K2 - 160*K1**2*K3**2 - 544*K1**2 + 256*K1*K2**3*K3 - 320*K1*K2**2*K3 - 64*K1*K2**2*K5 - 64*K1*K2*K3*K4 + 1760*K1*K2*K3 + 152*K1*K3*K4 + 8*K1*K4*K5 - 32*K2**6 + 64*K2**4*K4 - 600*K2**4 - 240*K2**2*K3**2 - 48*K2**2*K4**2 + 456*K2**2*K4 - 518*K2**2 + 136*K2*K3*K5 + 16*K2*K4*K6 - 292*K3**2 - 58*K4**2 - 12*K5**2 - 2*K6**2 + 720,['5.82'],t^{6} + 16 t^{4} + 18 t^{2} + 1,"['5.82', '7.13522', '7.32803']"
5.83,O1O2O3U1U4O5O4U2U3U5,{'O1O2O3U1U4O5O4U2U3U5'},"[-2, -1, 1, 1, 1, 0, 1, 1, 1, 1, 1, 1, -1, -1, 0]",['5.83'],-448*K1**2*K2**4 + 544*K1**2*K2**3 - 1232*K1**2*K2**2 + 880*K1**2*K2 - 600*K1**2 + 352*K1*K2**3*K3 + 712*K1*K2*K3 + 8*K1*K3*K4 - 192*K2**6 + 128*K2**4*K4 - 600*K2**4 - 80*K2**2*K3**2 - 16*K2**2*K4**2 + 288*K2**2*K4 + 24*K2**2 + 8*K2*K3*K5 - 144*K3**2 - 38*K4**2 + 404,['5.83'],t^{6} + 26 t^{4} + 15 t^{2},['5.83']
5.84,O1O2O3U1U4O5O4U3U2U5,{'O1O2O3U1U4O5O4U3U2U5'},"[-2, 0, 0, 1, 1, 0, 1, 1, 1, 0, 0, 1, 1, 1, 1]",['5.84'],-64*K1**4 + 32*K1**3*K2*K3 + 64*K1**2*K2**3 - 592*K1**2*K2**2 + 1280*K1**2*K2 - 64*K1**2*K3**2 - 1104*K1**2 + 32*K1*K2**3*K3 - 448*K1*K2**2*K3 - 32*K1*K2**2*K5 + 1080*K1*K2*K3 + 176*K1*K3*K4 - 32*K2**6 + 64*K2**4*K4 - 296*K2**4 - 32*K2**3*K6 - 16*K2**2*K3**2 - 16*K2**2*K4**2 + 488*K2**2*K4 - 870*K2**2 + 24*K2*K3*K5 + 16*K2*K4*K6 - 364*K3**2 - 134*K4**2 - 4*K5**2 - 2*K6**2 + 812,['5.84'],t^{6} + 21 t^{4} + 13 t^{2} + 1,"['5.84', '6.1966']"
5.85,O1O2O3U1U4O5O4U3U5U2,{'O1O2O3U1U4O5O4U3U5U2'},"[-2, 0, 0, 1, 1, 1, 1, 1, 1, 0, 0, 1, 1, 1, 0]","['5.85', '6.1529', '7.14921', '7.31459', '7.38203', '7.42967', '7.44679']",128*K1**4*K2 - 960*K1**4 + 32*K1**3*K2*K3 - 288*K1**3*K3 - 480*K1**2*K2**2 - 160*K1**2*K2*K4 + 2024*K1**2*K2 - 192*K1**2*K3**2 - 64*K1**2*K4**2 - 1380*K1**2 - 32*K1*K2**2*K3 - 64*K1*K2*K3*K4 + 1440*K1*K2*K3 + 512*K1*K3*K4 + 104*K1*K4*K5 - 24*K2**4 - 16*K2**2*K3**2 - 16*K2**2*K4**2 + 232*K2**2*K4 - 1172*K2**2 + 56*K2*K3*K5 + 32*K2*K4*K6 - 616*K3**2 - 286*K4**2 - 44*K5**2 - 12*K6**2 + 1244,['5.85'],t^{6} + 17 t^{4} + 10 t^{2} + 1,"['5.85', '7.14921', '7.31459', '7.38203', '7.42967']"
5.86,O1O2O3U2U1O4O5U4U5U3,{'O1O2O3U2U1O4O5U4U5U3'},"[-2, -1, 1, 1, 1, -1, 1, 1, 2, 0, 1, 0, 0, 0, 0]","['5.86', '6.1712', '7.37892']",384*K1**4*K2 - 704*K1**4 - 128*K1**3*K3 + 512*K1**2*K2**3 - 1776*K1**2*K2**2 - 128*K1**2*K2*K4 + 1624*K1**2*K2 - 64*K1**2*K3**2 - 600*K1**2 + 160*K1*K2**3*K3 - 288*K1*K2**2*K3 - 96*K1*K2**2*K5 - 64*K1*K2*K3*K4 + 1216*K1*K2*K3 + 144*K1*K3*K4 + 32*K1*K4*K5 - 32*K2**6 + 64*K2**4*K4 - 520*K2**4 - 32*K2**3*K6 - 80*K2**2*K3**2 - 16*K2**2*K4**2 + 400*K2**2*K4 - 366*K2**2 + 88*K2*K3*K5 + 16*K2*K4*K6 - 212*K3**2 - 78*K4**2 - 20*K5**2 - 2*K6**2 + 564,['5.86'],t^{6} + 16 t^{4} + 14 t^{2} + 1,"['5.86', '7.37892']"
5.87,O1O2O3U2U4O5O4U1U3U5,{'O1O2O3U2U4O5O4U1U3U5'},"[-2, -1, 1, 1, 1, 0, 1, 2, 2, 1, 1, 1, -1, 0, 1]","['5.87', '7.29804', '7.44240']",-608*K1**4 + 32*K1**3*K2*K3 - 96*K1**3*K3 + 96*K1**2*K2**3 - 576*K1**2*K2**2 - 224*K1**2*K2*K4 + 1392*K1**2*K2 - 256*K1**2*K3**2 - 912*K1**2 + 1168*K1*K2*K3 + 392*K1*K3*K4 - 72*K2**4 + 144*K2**2*K4 - 728*K2**2 - 408*K3**2 - 146*K4**2 + 800,['5.87'],t^{6} + 22 t^{4} + 12 t^{2} + 1,"['5.71', '5.87', '7.29804', '7.44240']"
5.88,O1O2O3U2U4O5O4U1U5U3,{'O1O2O3U2U4O5O4U1U5U3'},"[-2, 0, 2, 0, 3, 1]","['5.88', '7.727', '7.29503', '7.30058', '7.35738', '7.38629']",128*K1**4*K2 - 480*K1**4 - 224*K1**2*K2**2 + 648*K1**2*K2 - 96*K1**2*K3**2 - 128*K1**2*K4**2 - 596*K1**2 + 656*K1*K2*K3 + 408*K1*K3*K4 + 152*K1*K4*K5 - 16*K2**4 - 48*K2**2*K3**2 - 48*K2**2*K4**2 + 144*K2**2*K4 - 572*K2**2 + 56*K2*K3*K5 + 32*K2*K4*K6 - 416*K3**2 - 252*K4**2 - 60*K5**2 - 4*K6**2 + 714,['5.88'],t^{4} + 18 t^{2} + 4,"['5.88', '7.29503', '7.38629']"
5.89,O1O2O3U2U4O5O4U3U1U5,"{'O1O2O3U2U4O5O4U3U1U5', 'O1O2U1O3U4O5O4U2U3U5', 'O1O2O3U4U3U1O5O4U5U2'}","[-1, -1, 0, 1, 1, -1, 0, 1, 1, 0, 1, 1, 1, 1, -1]","['5.89', '5.104', '7.44275']",-192*K1**4 - 96*K1**2*K2**2 + 320*K1**2*K2 - 144*K1**2 + 176*K1*K2*K3 - 16*K2**4 + 32*K2**2*K4 - 168*K2**2 - 64*K3**2 - 12*K4**2 + 162,['5.89'],t^{6} + 12 t^{4} + 11 t^{2},"['5.24', '5.89', '5.104', '6.971', '7.9322', '7.22878', '7.39897', '7.42721', '7.44275']"
5.90,O1O2O3U4U5O4O5U1U2U3,{'O1O2O3U4U5O4O5U1U2U3'},"[-2, -1, 0, 1, 2, 0, 1, 0, 2, 0, 1, 0, 0, 1, 0]","['5.90', '6.1310']",-384*K1**2*K2**4 + 384*K1**2*K2**3 - 672*K1**2*K2**2 + 416*K1**2*K2 - 224*K1**2 + 256*K1*K2**3*K3 + 288*K1*K2*K3 - 192*K2**6 + 128*K2**4*K4 - 384*K2**4 - 32*K2**2*K3**2 - 16*K2**2*K4**2 + 192*K2**2*K4 + 144*K2**2 - 32*K3**2 - 16*K4**2 + 142,['5.90'],t^{6} + 39 t^{4} + 74 t^{2},"['5.90', '6.1310']"
5.91,O1O2O3U4U5O4O5U1U3U2,{'O1O2O3U4U5O4O5U1U3U2'},"[-2, -1, 1, 1, 1, 0, 0, 1, 2, 1, 0, 0, 0, 0, 0]","['5.91', '6.1311']",-352*K1**4 + 128*K1**3*K2*K3 - 192*K1**3*K3 + 224*K1**2*K2**3 - 1200*K1**2*K2**2 - 160*K1**2*K2*K4 + 1432*K1**2*K2 - 352*K1**2*K3**2 - 768*K1**2 + 256*K1*K2**3*K3 - 192*K1*K2**2*K3 - 32*K1*K2**2*K5 - 128*K1*K2*K3*K4 + 1536*K1*K2*K3 + 264*K1*K3*K4 + 8*K1*K4*K5 - 32*K2**6 + 64*K2**4*K4 - 488*K2**4 - 304*K2**2*K3**2 - 48*K2**2*K4**2 + 384*K2**2*K4 - 446*K2**2 + 184*K2*K3*K5 + 16*K2*K4*K6 - 340*K3**2 - 70*K4**2 - 12*K5**2 - 2*K6**2 + 620,['5.91'],t^{6} + 32 t^{4} + 62 t^{2} + 1,"['5.91', '6.1311']"
5.92,O1O2O3U4U5O4O5U3U1U2,"{'O1O2O3U4U5O4O5U3U1U2', 'O1O2U3U4O3O4U5U1O5U2'}","[-1, -1, 0, 1, 1, 0, 0, 0, 1, 1, 1, 0, 1, 0, 0]","['5.92', '6.1312', '6.2069', '7.37525', '7.37873', '7.44735', '7.44852']",-640*K1**4 - 704*K1**2*K2**2 + 800*K1**2*K2 + 144*K1**2 + 448*K1*K2*K3 - 176*K2**4 + 112*K2**2*K4 - 48*K2**2 - 48*K3**2 - 12*K4**2 + 122,['5.92'],t^{6} + 16 t^{4} + 27 t^{2},"['5.92', '6.1312', '7.40463', '7.44852']"
5.93,O1O2O3U4U1O5O4U5U2U3,{'O1O2O3U4U1O5O4U5U2U3'},"[-2, 0, 0, 1, 1, 1, 1, 1, 1, -1, 0, 1, 1, 1, 1]",['5.93'],-16*K1**4 - 192*K1**2*K2**4 + 480*K1**2*K2**3 - 1600*K1**2*K2**2 - 64*K1**2*K2*K4 + 1488*K1**2*K2 - 16*K1**2*K3**2 - 1116*K1**2 + 320*K1*K2**3*K3 - 256*K1*K2**2*K3 - 96*K1*K2**2*K5 + 1384*K1*K2*K3 + 64*K1*K3*K4 + 8*K1*K4*K5 - 32*K2**6 + 64*K2**4*K4 - 520*K2**4 - 32*K2**3*K6 - 112*K2**2*K3**2 - 16*K2**2*K4**2 + 344*K2**2*K4 - 518*K2**2 + 56*K2*K3*K5 + 16*K2*K4*K6 - 324*K3**2 - 42*K4**2 - 8*K5**2 - 2*K6**2 + 736,['5.93'],t^{6} + 15 t^{4} + 17 t^{2} + 1,['5.93']
5.94,O1O2O3U4U1O5O4U5U3U2,{'O1O2O3U4U1O5O4U5U3U2'},"[-1, -1, 0, 1, 1, -1, 0, 1, 1, 0, 1, 2, 1, 1, 0]",['5.94'],-192*K1**4 + 32*K1**3*K2*K3 - 1024*K1**2*K2**2 - 32*K1**2*K2*K4 + 1560*K1**2*K2 - 64*K1**2*K3**2 - 1176*K1**2 - 160*K1*K2**2*K3 + 1320*K1*K2*K3 + 128*K1*K3*K4 - 112*K2**4 + 152*K2**2*K4 - 824*K2**2 - 392*K3**2 - 52*K4**2 + 834,['5.94'],t^{6} + 10 t^{4} + 12 t^{2} + 1,"['5.94', '7.45982']"
5.95,O1O2O3U4U2O5O4U1U5U3,{'O1O2O3U4U2O5O4U1U5U3'},"[-2, 0, 0, 0, 2, 0, 1, 1, 3, 0, 1, 1, 0, 1, 0]","['5.95', '6.1829']",-416*K2**4 + 336*K2**2*K4 + 80*K2**2 - 64*K4**2 + 62,['5.95'],t^{6} + 22 t^{4} + 24 t^{2},"['5.95', '6.1829', '7.44782']"
5.96,O1O2O3U4U2O5O4U5U1U3,{'O1O2O3U4U2O5O4U5U1U3'},"[-2, 0, 0, 1, 1, 0, 1, 1, 2, 0, 1, 1, 1, 1, -1]",['5.96'],-192*K1**4 + 64*K1**3*K2*K3 - 320*K1**2*K2**2 + 592*K1**2*K2 - 224*K1**2*K3**2 - 748*K1**2 + 1088*K1*K2*K3 + 256*K1*K3*K4 + 16*K1*K4*K5 - 56*K2**4 - 80*K2**2*K3**2 - 16*K2**2*K4**2 + 72*K2**2*K4 - 628*K2**2 + 80*K2*K3*K5 + 32*K2*K4*K6 - 504*K3**2 - 118*K4**2 - 28*K5**2 - 12*K6**2 + 724,['5.96'],t^{6} + 17 t^{4} + 14 t^{2},['5.96']
5.97,O1O2O3U4U3O5O4U5U1U2,{'O1O2O3U4U3O5O4U5U1U2'},"[-1, -1, 1, 1, -1, 1, 1, 1, 1, -1]","['4.5', '5.97', '6.2072']",-1152*K1**4 - 768*K1**2*K2**2 + 1280*K1**2*K2 + 208*K1**2 + 480*K1*K2*K3 - 48*K2**4 + 32*K2**2*K4 - 192*K2**2 - 48*K3**2 - 4*K4**2 + 210,['5.97'],t^{5} + 10 t^{3} + 5 t,"['4.5', '5.97', '6.831', '6.2072', '7.44283']"
5.98,O1O2O3U1U2O4U3O5U4U5,{'O1O2O3U1U2O4U3O5U4U5'},"[-2, 0, 0, 1, 1, 1, 1, 0, 2, -1, 1, -1, 0, 1, -1]",['5.98'],-32*K1**4 + 192*K1**2*K2**3 - 1008*K1**2*K2**2 - 64*K1**2*K2*K4 + 1336*K1**2*K2 - 1060*K1**2 + 792*K1*K2*K3 + 8*K1*K3*K4 - 216*K2**4 + 96*K2**2*K4 - 496*K2**2 - 164*K3**2 - 6*K4**2 + 620,['5.98'],t^{6} + 17 t^{4} + 26 t^{2} + 1,"['5.98', '7.42675']"
5.99,O1O2O3U1U3O4U2O5U4U5,{'O1O2O3U1U3O4U2O5U4U5'},"[-2, 0, 0, 1, 1, 0, 1, 2, 3, -1, 1, 0, 1, 0, 0]","['5.99', '7.33689', '7.39898']",96*K1**4*K2 - 432*K1**4 + 32*K1**3*K2*K3 - 272*K1**2*K2**2 + 728*K1**2*K2 - 48*K1**2*K3**2 - 380*K1**2 + 392*K1*K2*K3 + 24*K1*K3*K4 - 24*K2**4 + 40*K2**2*K4 - 384*K2**2 - 140*K3**2 - 18*K4**2 + 384,['5.99'],t^{6} + 15 t^{4} + 19 t^{2},"['5.99', '7.33689', '7.39898', '7.44754']"
5.100,O1O2O3U1U4O5U2O4U3U5,{'O1O2O3U1U4O5U2O4U3U5'},"[-2, 0, 0, 1, 1, 1, 1, 1, 1, 0, 0, 0, 0, 1, 0]","['5.100', '7.38874', '7.39317', '7.40782']",32*K1**4*K2 - 624*K1**4 - 224*K1**3*K3 - 496*K1**2*K2**2 + 1896*K1**2*K2 - 48*K1**2*K3**2 - 1220*K1**2 + 936*K1*K2*K3 + 32*K1*K3*K4 - 24*K2**4 + 40*K2**2*K4 - 864*K2**2 - 284*K3**2 - 18*K4**2 + 864,['5.100'],t^{6} + 19 t^{4} + 11 t^{2} + 1,"['5.100', '7.27656', '7.39317', '7.40782']"
5.101,O1O2O3U1U4O5U3O4U2U5,{'O1O2O3U1U4O5U3O4U2U5'},"[-2, 0, 0, 1, 1, 0, 1, 1, 2, 1, 0, 0, 0, 0, 0]","['5.101', '7.44781', '7.44829']",32*K1**4*K2 - 64*K1**4 - 64*K1**3*K3 + 128*K1**2*K2**3 - 592*K1**2*K2**2 + 1416*K1**2*K2 - 1220*K1**2 - 256*K1*K2**2*K3 + 824*K1*K2*K3 + 32*K1*K3*K4 - 216*K2**4 + 216*K2**2*K4 - 712*K2**2 - 236*K3**2 - 22*K4**2 + 732,['5.101'],t^{6} + 21 t^{4} + 12 t^{2} + 1,"['5.101', '7.34356', '7.44781']"
5.102,O1O2O3U2U1O4U3O5U4U5,{'O1O2O3U2U1O4U3O5U4U5'},"[-1, -1, 0, 1, 1, -1, -1, 1, 2, 1, 0, 0, 1, 1, 0]",['5.102'],96*K1**4*K2 - 320*K1**4 - 352*K1**2*K2**2 + 952*K1**2*K2 - 680*K1**2 + 456*K1*K2*K3 - 48*K2**4 + 32*K2**2*K4 - 480*K2**2 - 152*K3**2 - 4*K4**2 + 498,['5.102'],t^{6} + 14 t^{4} + 16 t^{2},['5.102']
5.103,O1O2O3U2U4O5U3O4U1U5,{'O1O2O3U2U4O5U3O4U1U5'},"[-1, -1, 0, 1, 1, -1, 0, 1, 2, 0, 1, 1, 1, 1, 0]",['5.103'],224*K1**4*K2 - 480*K1**4 - 320*K1**3*K3 + 96*K1**2*K2**3 - 640*K1**2*K2**2 + 1696*K1**2*K2 - 1216*K1**2 - 96*K1*K2**2*K3 + 1024*K1*K2*K3 + 24*K1*K3*K4 - 112*K2**4 + 112*K2**2*K4 - 792*K2**2 - 312*K3**2 - 28*K4**2 + 818,['5.103'],t^{6} + 14 t^{4} + 10 t^{2} + 1,['5.103']
5.104,O1O2O3U4U3O5U2O4U1U5,{'O1O2O3U4U3O5U2O4U1U5'},"[-1, -1, 0, 1, 1, -1, 0, 1, 1, 0, 1, 1, 1, 1, -1]","['5.89', '5.104', '7.44275']",-128*K1**4*K2**2 + 448*K1**4*K2 - 896*K1**4 + 64*K1**3*K2*K3 + 320*K1**2*K2**3 - 1312*K1**2*K2**2 + 1744*K1**2*K2 - 128*K1**2*K3**2 - 936*K1**2 + 1024*K1*K2*K3 + 96*K1*K3*K4 - 192*K2**4 + 64*K2**2*K4 - 696*K2**2 - 296*K3**2 - 40*K4**2 + 862,['5.104'],t^{6} + 12 t^{4} + 11 t^{2},"['5.24', '5.89', '5.104', '6.971', '7.9322', '7.22878', '7.39897', '7.42721', '7.44275']"
5.105,O1O2U1O3O4U2U4O5U3U5,{'O1O2U1O3O4U2U4O5U3U5'},"[-1, -1, 0, 1, 1, -1, 0, 1, 2, -1, 1, 1, 1, 0, 0]","['5.105', '7.27728']",-960*K1**4 - 64*K1**3*K3 - 736*K1**2*K2**2 + 1784*K1**2*K2 - 664*K1**2 + 856*K1*K2*K3 + 24*K1*K3*K4 - 112*K2**4 + 136*K2**2*K4 - 688*K2**2 - 240*K3**2 - 52*K4**2 + 714,['5.105'],t^{6} + 14 t^{4} + 14 t^{2} + 1,['5.105']
5.106,O1O2U1O3O4U3U4O5U2U5,{'O1O2U1O3O4U3U4O5U2U5'},"[-1, -1, 1, 1, 0, 0, 1, 1, 0, 0]","['4.10', '5.106', '6.2037']",-1536*K1**4 - 1280*K1**2*K2**2 + 1728*K1**2*K2 + 400*K1**2 + 736*K1*K2*K3 - 176*K2**4 + 96*K2**2*K4 - 128*K2**2 - 48*K3**2 - 4*K4**2 + 210,['5.106'],t^{5} + 6 t^{3} + 5 t,"['4.10', '5.106', '6.2037']"
5.107,O1O2U1O3O4U5U2O5U3U4,{'O1O2U1O3O4U5U2O5U3U4'},"[-2, 0, 0, 1, 1, 1, 1, 1, 2, 0, 1, 0, 1, 0, 0]",['5.107'],-960*K1**4 - 1056*K1**2*K2**2 + 1424*K1**2*K2 - 104*K1**2 + 864*K1*K2*K3 - 216*K2**4 + 184*K2**2*K4 - 344*K2**2 - 168*K3**2 - 38*K4**2 + 412,['5.107'],t^{6} + 15 t^{4} + 15 t^{2},['5.107']
5.108,O1O2U1O3O4U5U3O5U2U4,{'O1O2U1O3O4U5U3O5U2U4'},"[-2, 0, 0, 1, 1, 0, 2, 1, 2, 1, 0, 0, 1, 1, -1]",['5.108'],-1664*K1**4 - 416*K1**2*K2**2 + 2032*K1**2*K2 - 232*K1**2 + 352*K1*K2*K3 - 8*K2**4 + 8*K2**2*K4 - 568*K2**2 - 72*K3**2 - 2*K4**2 + 568,['5.108'],t^{6} + 19 t^{4} + 14 t^{2} + 1,['5.108']
5.109,O1O2U3O4O5U2U1O3U5U4,"{'O1O2U3O4U1O3U5U4O5U2', 'O1O2U3O4O5U2U1O3U5U4', 'O1O2U1O3U4U3O5U2O4U5'}","[-1, -1, 0, 1, 1, 0, 0, 1, 2, 1, 0, 1, 1, 0, 0]",['5.109'],-128*K1**4 + 128*K1**2*K2 - 32*K2**2 + 30,['5.109'],t^{6} + 12 t^{4} + 19 t^{2},"['5.109', '5.111', '6.1882', '7.22455', '7.41623', '7.45127', '7.45176']"
5.110,O1O2U3O4O5U2U5O3U1U4,{'O1O2U3O4O5U2U5O3U1U4'},"[-1, -1, 0, 1, 1, 0, 0, 1, 1, 0, 1, 1, 1, 1, 0]","['5.110', '7.44007']",-1088*K1**4 - 224*K1**2*K2**2 + 1168*K1**2*K2 - 64*K1**2 + 304*K1*K2*K3 - 16*K2**4 + 32*K2**2*K4 - 368*K2**2 - 96*K3**2 - 12*K4**2 + 362,['5.110'],t^{6} + 10 t^{4} + 4 t^{2},"['5.110', '7.44007']"
5.111,O1O2U3O4O5U4U5O3U1U2,{'O1O2U3O4O5U4U5O3U1U2'},"[-1, -1, 0, 1, 1, -1, 1, 1, 1, 0, 1, 1, 0, 1, -1]","['5.111', '6.1882', '7.22455', '7.41623', '7.45127', '7.45176']",-1280*K1**4 - 1728*K1**2*K2**2 + 1632*K1**2*K2 + 464*K1**2 + 960*K1*K2*K3 - 560*K2**4 + 304*K2**2*K4 + 144*K2**2 - 48*K3**2 - 12*K4**2 + 122,['5.111'],t^{6} + 12 t^{4} + 19 t^{2},"['5.109', '5.111', '6.1882', '7.22455', '7.41623', '7.45127', '7.45176']"
5.112,O1O2U1O3U2O4U3O5U4U5,"{'O1O2U3O4U2O5U4U1O3U5', 'O1O2U1O3U2O4U3O5U4U5', 'O1O2U3U1O4O5U2U4O3U5'}","[-1, 0, 0, 0, 1, 0, 0, 1, 2, -1, -1, 1, -1, 0, 0]","['5.112', '7.45975']",-64*K1**4 + 144*K1**2*K2 - 80*K1**2 - 56*K2**2 + 54,"['5.112', '5.113']",t^{6} + 9 t^{4} + 11 t^{2},['5.112']
5.113,O1O2U3O4U5O3U1O5U2U4,{'O1O2U3O4U5O3U1O5U2U4'},"[-1, 0, 0, 0, 1, -1, 0, 1, 2, -1, 1, 0, -1, -1, 1]",['5.113'],-64*K1**4 + 144*K1**2*K2 - 80*K1**2 - 56*K2**2 + 54,"['5.112', '5.113']",t^{6} + 15 t^{4} + 35 t^{2},['5.113']
5.114,O1O2U3O4U2O5U1O3U5U4,"{'O1O2U3O4U2O5U1O3U5U4', 'O1O2U3U1O4O3U5U4O5U2'}","[-1, 0, 0, 1, 0, 0, 2, -1, 0, 0]","['4.9', '5.114', '6.2020', '7.44907', '7.45593']",-224*K1**4 + 304*K1**2*K2 - 80*K1**2 - 96*K2**2 + 94,['5.114'],t^{5} + 7 t^{3} + 6 t,"['5.114', '6.2020', '7.44907', '7.45593']"
5.115,O1O2U1O3U2U4O5O4U3U5,{'O1O2U1O3U2U4O5O4U3U5'},"[-1, 0, 0, 0, 1, 0, 0, 0, 1, -1, -1, 1, 0, 0, 1]",['5.115'],32*K1**4*K2 - 960*K1**4 - 32*K1**3*K3 - 384*K1**2*K2**2 + 1768*K1**2*K2 - 752*K1**2 + 456*K1*K2*K3 - 16*K2**4 + 32*K2**2*K4 - 688*K2**2 - 128*K3**2 - 12*K4**2 + 682,['5.115'],t^{6} + 7 t^{4} + 9 t^{2} + 1,['5.115']
5.116,O1O2U1O3U4U2O4O5U3U5,{'O1O2U1O3U4U2O4O5U3U5'},"[-1, -1, 0, 1, 1, -1, 0, 1, 1, 1, 0, 1, 1, 0, 0]","['5.116', '7.44828']",96*K1**4*K2 - 896*K1**4 + 32*K1**3*K2*K3 - 1120*K1**2*K2**2 - 96*K1**2*K2*K4 + 1952*K1**2*K2 - 32*K1**2*K3**2 - 864*K1**2 - 160*K1*K2**2*K3 + 1264*K1*K2*K3 + 192*K1*K3*K4 - 80*K2**4 + 200*K2**2*K4 - 872*K2**2 - 368*K3**2 - 108*K4**2 + 858,['5.116'],t^{6} + 10 t^{4} + 10 t^{2} + 1,['5.116']
5.117,O1O2U3O4U1U5O3O5U4U2,{'O1O2U3O4U1U5O3O5U4U2'},"[-1, -1, 0, 1, 1, -1, 1, 0, 1, 0, 1, 1, 1, 0, 0]",['5.117'],224*K1**4*K2 - 864*K1**4 + 32*K1**3*K2*K3 - 192*K1**3*K3 + 96*K1**2*K2**3 - 704*K1**2*K2**2 - 96*K1**2*K2*K4 + 1888*K1**2*K2 - 32*K1**2*K3**2 - 1080*K1**2 - 160*K1*K2**2*K3 + 1056*K1*K2*K3 + 192*K1*K3*K4 - 80*K2**4 + 176*K2**2*K4 - 896*K2**2 - 360*K3**2 - 108*K4**2 + 906,['5.117'],t^{6} + 14 t^{4} + 24 t^{2} + 1,"['5.117', '7.27728']"
5.118,O1O2U3O4U2U1O3O5U4U5,{'O1O2U3O4U2U1O3O5U4U5'},"[-1, 0, 0, 0, 1, 0, 0, 0, 2, -1, 0, 1, 0, 0, 1]","['5.118', '7.41090', '7.43548', '7.44970']",224*K1**4*K2 - 704*K1**4 - 224*K1**3*K3 - 448*K1**2*K2**2 + 1576*K1**2*K2 - 880*K1**2 + 632*K1*K2*K3 - 16*K2**4 + 32*K2**2*K4 - 664*K2**2 - 176*K3**2 - 12*K4**2 + 658,['5.118'],t^{6} + 7 t^{4} + 7 t^{2} + 1,['5.118']
5.119,O1O2U3O4U2U5O3O5U1U4,{'O1O2U3O4U2U5O3O5U1U4'},"[-1, -1, 0, 1, 1, -1, 1, 0, 1, 0, 1, 0, 1, 0, 1]",['5.119'],-128*K1**4*K2**2 + 448*K1**4*K2 - 704*K1**4 + 320*K1**2*K2**3 - 1152*K1**2*K2**2 + 1520*K1**2*K2 - 768*K1**2 + 560*K1*K2*K3 - 176*K2**4 + 32*K2**2*K4 - 464*K2**2 - 96*K3**2 - 4*K4**2 + 610,['5.119'],t^{6} + 18 t^{4} + 44 t^{2},['5.119']
5.120,O1U2O3U4O2U5O4U1O5U3,{'O1U2O3U4O2U5O4U1O5U3'},"[0, 0, 0, 0, 0, -1, -1, 1, 1, -1, -1, 1, -1, -1, -1]","['5.120', '7.35295', '7.35333', '7.45213', '7.45236']",-2,"['5.120', '6.2085', '7.35295', '7.35333', '7.45213', '7.45236', '7.46143', '7.46231']",t^{6} + 10 t^{4} + 5 t^{2},"['5.120', '7.35295', '7.35333', '7.45213', '7.45236']"
